designator,class,action,side,x_175,y_175,x_160,y_160,dx,dy,xmin_160,xmax_160,ymin_160,ymax_160,why
AUD-ADC1,MACRO,MACRO_DX,top,139.75,19.0918,124.75,19.0918,-15.0,0.0,123.1735,126.3265,17.5167,20.6669,
AUD-FPC1,MACRO,MACRO_DX,top,137.21,35.45,122.21,35.45,-15.0,0.0,116.51,127.91,33.4,37.5,
AUD-JACK1,MACRO,MACRO_DX,top,138.6401,7.3082,123.6401,7.3082,-15.0,0.0,118.7901,128.4901,2.5083,12.1081,
AUD-MIC1,MACRO,MACRO_DX,bottom,130.1164,18.4548,115.1164,18.4548,-15.0,0.0,113.3713,116.4865,17.3798,19.5298,
C-AUD-AREG1,MACRO,MACRO_DX,top,136.08,23.32,121.08,23.32,-15.0,0.0,120.405,121.755,21.615,25.025,
C-AUD-AREG2,MACRO,MACRO_DX,top,136.08,20.54,121.08,20.54,-15.0,0.0,120.4099,121.7501,20.27,20.81,
C-AUD-DEC1,MACRO,MACRO_DX,top,143.54,21.18,128.54,21.18,-15.0,0.0,128.27,128.81,20.5099,21.8501,
C-AUD-DEC2,MACRO,MACRO_DX,top,142.34,21.19,127.34,21.19,-15.0,0.0,127.07,127.61,20.5199,21.8601,
C-AUD-DEC3,MACRO,MACRO_DX,top,143.54,19.23,128.54,19.23,-15.0,0.0,128.27,128.81,18.5599,19.9001,
C-AUD-DREG1,MACRO,MACRO_DX,top,138.18,23.32,123.18,23.32,-15.0,0.0,122.505,123.855,21.615,25.025,
C-AUD-DREG2,MACRO,MACRO_DX,top,139.83,22.25,124.83,22.25,-15.0,0.0,124.56,125.1,21.5799,22.9201,
C-AUD-VRF1,MACRO,MACRO_DX,top,136.07,19.28,121.07,19.28,-15.0,0.0,120.3999,121.7401,19.01,19.55,
C-LEDN-BLK1,MACRO,MACRO_DX,top,116.79,27.77,101.79,27.77,-15.0,0.0,101.115,102.465,26.065,29.475,
C-LEDN-BLK2,MACRO,MACRO_DX,top,120.16,30.57,105.16,30.57,-15.0,0.0,104.4899,105.8301,30.3,30.84,
C-LEDN-DVDT1,MACRO,MACRO_DX,bottom,115.01,33.18,100.01,33.18,-15.0,0.0,99.3399,100.6801,32.91,33.45,
C-LEDN-ITMR1,MACRO,MACRO_DX,bottom,114.79,35.04,99.79,35.04,-15.0,0.0,99.1199,100.4601,34.77,35.31,
C-LEDS-BLK1,MACRO,MACRO_DX,top,129.14,10.72,114.14,10.72,-15.0,0.0,113.465,114.815,9.015,12.425,
C-LEDS-BLK2,MACRO,MACRO_DX,top,127.45,11.88,112.45,11.88,-15.0,0.0,112.18,112.72,11.2099,12.5501,
C-LEDS-DVDT1,MACRO,MACRO_DX,bottom,110.92,8.26,95.92,8.26,-15.0,0.0,95.2499,96.5901,7.99,8.53,
C-LEDS-ITMR1,MACRO,MACRO_DX,bottom,110.98,6.37,95.98,6.37,-15.0,0.0,95.3099,96.6501,6.1,6.64,
C-PWR-BLK1,WEST_FIXED,STAY,top,20.25,21.6,20.25,21.6,0.0,0.0,19.575,20.925,19.895,23.305,
C-PWR-BLK2,WEST_FIXED,STAY,top,24.97,33.46,24.97,33.46,0.0,0.0,23.265,26.675,32.785,34.135,
C-PWR-BLK3,WEST_FIXED,STAY,top,16.5,20.35,16.5,20.35,0.0,0.0,15.8299,17.1701,20.08,20.62,
C-PWR-BLK4,WEST_FIXED,STAY,top,20.425,33.46,20.425,33.46,0.0,0.0,18.72,22.13,32.785,34.135,
C-PWR-BLK5,WEST_FIXED,STAY,top,20.425,35.65,20.425,35.65,0.0,0.0,18.72,22.13,34.975,36.325,
C-PWR-BLK6,WEST_FIXED,STAY,top,38.22,20.63,38.22,20.63,0.0,0.0,37.545,38.895,18.925,22.335,
C-PWR-BLK7,WEST_FIXED,STAY,top,38.05,33.56,38.05,33.56,0.0,0.0,36.345,39.755,32.885,34.235,
C-PWR-BLK8,WEST_FIXED,STAY,top,34.03,33.9,34.03,33.9,0.0,0.0,33.3599,34.7001,33.63,34.17,
C-PWR-DEC1,MACRO,MACRO_DX,bottom,113.38,28.41,98.38,28.41,-15.0,0.0,98.11,98.65,27.7399,29.0801,
C-PWR-DEC2,MACRO,MACRO_DX,bottom,111.04,3.09,96.04,3.09,-15.0,0.0,95.3699,96.7101,2.82,3.36,
C-PWR-DEC3,WEST_FIXED,STAY,top,20.26,1.44,20.26,1.44,0.0,0.0,19.5899,20.9301,1.17,1.71,
C-PWR-DEC4,WEST_FIXED,STAY,top,32.95,19.05,32.95,19.05,0.0,0.0,31.245,34.655,18.375,19.725,
C-PWR-DEC5,WEST_FIXED,STAY,top,28.06,22.35,28.06,22.35,0.0,0.0,26.355,29.765,21.675,23.025,
C-PWR-DEC6,WEST_FIXED,STAY,top,32.96,16.83,32.96,16.83,0.0,0.0,31.255,34.665,16.155,17.505,
C-PWR-DVDT1,WEST_FIXED,STAY,bottom,18.87,21.41,18.87,21.41,0.0,0.0,18.1999,19.5401,21.14,21.68,
C-PWR-DVDT2,WEST_FIXED,STAY,bottom,23.26,29.97,23.26,29.97,0.0,0.0,22.5899,23.9301,29.7,30.24,
C-PWR-FB1,WEST_FIXED,STAY,bottom,32.85,24.88,32.85,24.88,0.0,0.0,32.1799,33.5201,24.61,25.15,
C-PWR-ITMR1,WEST_FIXED,STAY,bottom,18.81,23.83,18.81,23.83,0.0,0.0,18.1399,19.4801,23.56,24.1,
C-PWR-ITMR2,WEST_FIXED,STAY,bottom,23.19,32.33,23.19,32.33,0.0,0.0,22.5199,23.8601,32.06,32.6,
C-PWR-SS1,WEST_FIXED,STAY,bottom,34.84,22.42,34.84,22.42,0.0,0.0,34.1699,35.5101,22.15,22.69,
C-RT-DCD1,MACRO,MACRO_DX,bottom,102.99,24.19,87.99,24.19,-15.0,0.0,87.72,88.26,23.5199,24.8601,
C-RT-DEC1,MACRO,MACRO_DX,bottom,102.79,20.93,87.79,20.93,-15.0,0.0,87.628,87.952,20.4715,21.3885,
C-RT-DEC2,MACRO,MACRO_DX,bottom,101.46,24.42,86.46,24.42,-15.0,0.0,86.0015,86.9185,24.258,24.582,
C-RT-DEC3,MACRO,MACRO_DX,bottom,101.99,21.72,86.99,21.72,-15.0,0.0,86.828,87.152,21.2615,22.1785,
C-RT-DEC4,MACRO,MACRO_DX,bottom,105.99,18.52,90.99,18.52,-15.0,0.0,90.828,91.152,18.0615,18.9785,
C-RT-DEC5,MACRO,MACRO_DX,bottom,106.3,21.22,91.3,21.22,-15.0,0.0,90.8415,91.7585,21.058,21.382,
C-RT-DEC6,MACRO,MACRO_DX,bottom,99.32,14.82,84.32,14.82,-15.0,0.0,83.8615,84.7785,14.658,14.982,
C-RT-PLL1,MACRO,MACRO_DX,bottom,98.5,18.02,83.5,18.02,-15.0,0.0,83.0415,83.9585,17.858,18.182,
C-RT-RST1,MACRO,MACRO_DX,bottom,100.1,20.42,85.1,20.42,-15.0,0.0,84.6415,85.5585,20.258,20.582,
C-RT-SNV1,MACRO,MACRO_DX,bottom,97.38,11.28,82.38,11.28,-15.0,0.0,82.218,82.542,10.8215,11.7385,
C-RT-SOC1,MACRO,MACRO_DX,top,105.7,28.6,90.7,28.6,-15.0,0.0,88.995,92.405,27.925,29.275,
C-RT-SOC10,MACRO,MACRO_DX,bottom,103.59,20.93,88.59,20.93,-15.0,0.0,88.428,88.752,20.4715,21.3885,
C-RT-SOC11,MACRO,MACRO_DX,bottom,105.19,18.52,90.19,18.52,-15.0,0.0,90.028,90.352,18.0615,18.9785,
C-RT-SOC12,MACRO,MACRO_DX,bottom,107.69,26.82,92.69,26.82,-15.0,0.0,92.2315,93.1485,26.658,26.982,
C-RT-SOC13,MACRO,MACRO_DX,bottom,110.53,21.54,95.53,21.54,-15.0,0.0,95.368,95.692,21.0815,21.9985,
C-RT-SOC14,MACRO,MACRO_DX,bottom,111.57,18.5,96.57,18.5,-15.0,0.0,96.408,96.732,18.0415,18.9585,
C-RT-SOC15,MACRO,MACRO_DX,bottom,100.13,12.86,85.13,12.86,-15.0,0.0,84.968,85.292,12.4015,13.3185,
C-RT-SOC16,MACRO,MACRO_DX,bottom,110.46,23.17,95.46,23.17,-15.0,0.0,95.298,95.622,22.7115,23.6285,
C-RT-SOC2,MACRO,MACRO_DX,bottom,104.92,19.62,89.92,19.62,-15.0,0.0,89.4615,90.3785,19.458,19.782,
C-RT-SOC3,MACRO,MACRO_DX,bottom,104.39,21.51,89.39,21.51,-15.0,0.0,89.228,89.552,21.0515,21.9685,
C-RT-SOC4,MACRO,MACRO_DX,bottom,103.59,19.1,88.59,19.1,-15.0,0.0,88.428,88.752,18.6415,19.5585,
C-RT-SOC5,MACRO,MACRO_DX,bottom,104.9184,20.4252,89.9184,20.4252,-15.0,0.0,89.4599,90.3769,20.2632,20.5872,
C-RT-SOC6,MACRO,MACRO_DX,bottom,102.7923,19.097,87.7923,19.097,-15.0,0.0,87.6303,87.9543,18.6385,19.5555,
C-RT-SOC7,MACRO,MACRO_DX,bottom,104.11,16.89,89.11,16.89,-15.0,0.0,88.948,89.272,16.4315,17.3485,
C-RT-SOC8,MACRO,MACRO_DX,bottom,105.19,21.51,90.19,21.51,-15.0,0.0,90.028,90.352,21.0515,21.9685,
C-RT-SOC9,MACRO,MACRO_DX,bottom,102.79,22.31,87.79,22.31,-15.0,0.0,87.628,87.952,21.8515,22.7685,
C-RT-USB1,MACRO,MACRO_DX,bottom,99.59,21.49,84.59,21.49,-15.0,0.0,84.428,84.752,21.0315,21.9485,
C-RT-VDDH1,MACRO,MACRO_DX,bottom,98.38,19.63,83.38,19.63,-15.0,0.0,82.7099,84.0501,19.36,19.9,
C-RT-VUSB1,MACRO,MACRO_DX,bottom,101.84,19.18,86.84,19.18,-15.0,0.0,86.57,87.11,18.5099,19.8501,
C-RT-XTL1,MACRO,MACRO_DX,top,92.3,13.5,77.3,13.5,-15.0,0.0,76.8415,77.7585,13.338,13.662,
C-RT-XTL2,MACRO,MACRO_DX,top,91.89,18.9452,76.89,18.9452,-15.0,0.0,76.4315,77.3485,18.7832,19.1072,
C-S3-DEC1,MACRO,MACRO_DX,top,82.36,7.38,67.36,7.38,-15.0,0.0,66.685,68.035,5.675,9.085,
C-S3-DEC2,MACRO,MACRO_DX,top,78.4,8.11,63.4,8.11,-15.0,0.0,63.13,63.67,7.4399,8.7801,
C-S3-RST1,MACRO,MACRO_DX,top,78.4,10.47,63.4,10.47,-15.0,0.0,63.13,63.67,9.7999,11.1401,
C-SVC-DEC1,REFLOW,REFLOW,bottom,46.81,20.65,54.0,30.7,7.19,10.05,53.73,54.27,30.0299,31.3701,"decap south of new ADC, 0.49 mm body gap"
C-USB-BLK1,WEST_FIXED,STAY,top,17.74,25.11,17.74,25.11,0.0,0.0,17.0699,18.4101,24.84,25.38,
C-USB-BLK2,MACRO,MACRO_DX,top,144.06,27.03,129.06,27.03,-15.0,0.0,128.385,129.735,25.325,28.735,
C-USB-BLK3,WEST_FIXED,STAY,top,14.53,22.85,14.53,22.85,0.0,0.0,13.855,15.205,21.145,24.555,
C-USB-CRFL1,MACRO,MACRO_DX,top,81.2,18.61,66.2,18.61,-15.0,0.0,64.495,67.905,17.935,19.285,
C-USB-DEC1,MACRO,MACRO_DX,top,77.8,19.44,62.8,19.44,-15.0,0.0,62.53,63.07,18.7699,20.1101,
C-USB-DEC2,MACRO,MACRO_DX,top,78.17,16.83,63.17,16.83,-15.0,0.0,62.9,63.44,16.1599,17.5001,
C-USB-DEC3,MACRO,MACRO_DX,top,80.81,15.62,65.81,15.62,-15.0,0.0,65.1399,66.4801,15.35,15.89,
C-USB-DEC4,MACRO,MACRO_DX,bottom,80.13,20.12,65.13,20.12,-15.0,0.0,63.425,66.835,19.445,20.795,
C-USB-PLLF1,MACRO,MACRO_DX,bottom,81.29,24.97,66.29,24.97,-15.0,0.0,66.02,66.56,24.2999,25.6401,
C-USB-RST1,MACRO,MACRO_DX,top,86.38,21.7196,71.38,21.7196,-15.0,0.0,71.11,71.65,21.0495,22.3897,
C-USB-XTL1,MACRO,MACRO_DX,top,80.07,29.08,65.07,29.08,-15.0,0.0,64.8,65.34,28.4099,29.7501,
C-USB-XTL2,MACRO,MACRO_DX,top,84.2,32.27,69.2,32.27,-15.0,0.0,68.5299,69.8701,32.0,32.54,
HMI-BTN1,MACRO,MACRO_DX,top,150.2,13.1874,135.2,13.1874,-15.0,0.0,131.015,139.385,12.4314,13.9434,
HMI-BTN2,MACRO,MACRO_DX,top,150.2,24.1437,135.2,24.1437,-15.0,0.0,131.015,139.385,23.3877,24.8997,
HMI-BTN3,MACRO,MACRO_DX,top,150.24,35.1,135.24,35.1,-15.0,0.0,131.055,139.425,34.344,35.856,
HMI-BTN4,MACRO,MACRO_DX,top,161.54,35.1,146.54,35.1,-15.0,0.0,142.355,150.725,34.344,35.856,
HMI-BTN5,MACRO,MACRO_DX,top,161.5,24.1437,146.5,24.1437,-15.0,0.0,142.315,150.685,23.3877,24.8997,
HMI-BTN6,MACRO,MACRO_DX,top,161.5,13.1874,146.5,13.1874,-15.0,0.0,142.315,150.685,12.4314,13.9434,
HMI-ENC1,MACRO,MACRO_DX,top,150.35,4.7065,135.35,4.7065,-15.0,0.0,131.6,139.1,3.1566,6.2564,
HMI-ENC2,MACRO,MACRO_DX,top,161.5552,4.7065,146.5552,4.7065,-15.0,0.0,142.8052,150.3052,3.1566,6.2564,
HMI-RGB1,MACRO,MACRO_DX,top,154.8,17.4,139.8,17.4,-15.0,0.0,139.15,140.45,16.75,18.05,
HMI-RGB2,MACRO,MACRO_DX,top,154.71,28.44,139.71,28.44,-15.0,0.0,139.06,140.36,27.79,29.09,
HMI-RGB3,MACRO,MACRO_DX,top,154.66,36.82,139.66,36.82,-15.0,0.0,139.01,140.31,36.17,37.47,
HMI-RGB4,MACRO,MACRO_DX,top,165.76,37.12,150.76,37.12,-15.0,0.0,150.11,151.41,36.47,37.77,
HMI-RGB5,MACRO,MACRO_DX,top,165.96,28.26,150.96,28.26,-15.0,0.0,150.31,151.61,27.61,28.91,
HMI-RGB6,MACRO,MACRO_DX,top,166.02,17.3,151.02,17.3,-15.0,0.0,150.37,151.67,16.65,17.95,
LEDN-FPC1,MACRO,MACRO_DX,top,123.16,35.5,108.16,35.5,-15.0,0.0,100.46,115.86,33.45,37.55,
LEDN-FUSE1,MACRO,MACRO_DX,top,113.5,34.0,98.5,34.0,-15.0,0.0,97.4697,99.53,32.8,35.2,
LEDN-LVL1,MACRO,MACRO_DX,top,121.43,28.07,106.43,28.07,-15.0,0.0,105.18,107.68,26.4699,29.6701,
LEDN-LVL2,MACRO,MACRO_DX,top,126.63,27.37,111.63,27.37,-15.0,0.0,110.38,112.88,25.7699,28.9701,
LEDS-FPC1,MACRO,MACRO_DX,top,123.0,4.5,108.0,4.5,-15.0,0.0,100.3,115.7,2.45,6.55,
LEDS-FUSE1,MACRO,MACRO_DX,top,112.15,7.47,97.15,7.47,-15.0,0.0,96.12,98.1803,6.27,8.67,
LEDS-LVL1,MACRO,MACRO_DX,top,123.74,12.52,108.74,12.52,-15.0,0.0,107.49,109.99,10.9199,14.1201,
LEDS-LVL2,MACRO,MACRO_DX,top,118.52,12.25,103.52,12.25,-15.0,0.0,102.27,104.77,10.6499,13.8501,
LOGC-AND1,WEST_FIXED,STAY,top,24.44,4.69,24.44,4.69,0.0,0.0,23.19,25.69,2.8399,6.5401,
LOGC-AND2,WEST_FIXED,STAY,top,20.33,4.69,20.33,4.69,0.0,0.0,19.08,21.58,2.8399,6.5401,
LOGC-AND3,MACRO,MACRO_DX,bottom,110.21,30.05,95.21,30.05,-15.0,0.0,93.96,96.46,28.1999,31.9001,
LOGC-AND4,MACRO,MACRO_DX,bottom,120.35,4.0101,105.35,4.0101,-15.0,0.0,103.4999,107.2001,2.7601,5.2601,
LOGC-INV1,WEST_FIXED,STAY,top,18.31,8.97,18.31,8.97,0.0,0.0,17.06,19.56,7.1199,10.8201,
LOGC-INV2,WEST_FIXED,STAY,top,22.41,8.97,22.41,8.97,0.0,0.0,21.16,23.66,7.1199,10.8201,
LOGC-OR1,WEST_FIXED,STAY,top,26.51,8.97,26.51,8.97,0.0,0.0,25.26,27.76,7.1199,10.8201,
LOGC-OR2,MACRO,MACRO_DX,bottom,119.08,34.88,104.08,34.88,-15.0,0.0,102.83,105.33,33.0299,36.7301,
LOGC-OR3,MACRO,MACRO_DX,bottom,120.4,7.7001,105.4,7.7001,-15.0,0.0,103.5499,107.2501,6.4501,8.9501,
PWR-BUCK1,WEST_FIXED,STAY,top,33.7,21.5,33.7,21.5,0.0,0.0,32.5,34.925,20.5252,22.6498,
PWR-FUSE1,WEST_FIXED,STAY,top,17.54,22.61,17.54,22.61,0.0,0.0,16.5097,18.57,21.41,23.81,
PWR-FUSE2,WEST_FIXED,STAY,top,21.59,30.8287,21.59,30.8287,0.0,0.0,20.5597,22.62,29.6287,32.0287,
PWR-IND1,WEST_FIXED,STAY,top,27.87,18.03,27.87,18.03,0.0,0.0,25.4701,30.2699,16.28,19.78,
PWR-L1,MACRO,MACRO_DX,top,93.06,23.63,78.06,23.63,-15.0,0.0,76.31,79.81,21.2301,26.0299,
PWR-SHNT1,WEST_FIXED,STAY,top,31.21,36.55,31.21,36.55,0.0,0.0,27.08,35.34,34.85,38.25,
R-AUD-AUD1,MACRO,MACRO_DX,bottom,131.2302,16.1313,116.2302,16.1313,-15.0,0.0,115.5146,116.9458,15.8613,16.4013,
R-AUD-AUD2,MACRO,MACRO_DX,top,141.06,22.27,126.06,22.27,-15.0,0.0,125.79,126.33,21.5544,22.9856,
R-AUD-AUX1,MACRO,MACRO_DX,top,136.71,16.35,121.71,16.35,-15.0,0.0,120.9944,122.4256,16.08,16.62,
R-AUD-AUX2,MACRO,MACRO_DX,top,143.14,13.1128,128.14,13.1128,-15.0,0.0,127.87,128.41,12.3972,13.8284,
R-AUD-AUX3,MACRO,MACRO_DX,top,138.47,14.7704,123.47,14.7704,-15.0,0.0,122.7544,124.1856,14.5004,15.0404,
R-AUD-AUX4,MACRO,MACRO_DX,top,142.97,16.36,127.97,16.36,-15.0,0.0,127.2544,128.6856,16.09,16.63,
R-AUD-AUX5,MACRO,MACRO_DX,top,132.07,12.89,117.07,12.89,-15.0,0.0,116.3544,117.7856,12.62,13.16,
R-AUD-AUX6,MACRO,MACRO_DX,top,131.435,8.51,116.435,8.51,-15.0,0.0,115.7194,117.1506,8.24,8.78,
R-AUD-AUX7,MACRO,MACRO_DX,top,136.31,14.77,121.31,14.77,-15.0,0.0,120.5944,122.0256,14.5,15.04,
R-AUD-AUX8,MACRO,MACRO_DX,top,144.57,13.1,129.57,13.1,-15.0,0.0,129.3,129.84,12.3844,13.8156,
R-AUD-PRS1,MACRO,MACRO_DX,top,139.18,32.17,124.18,32.17,-15.0,0.0,123.4644,124.8956,31.9,32.44,
R-HMI-BTN1,MACRO,MACRO_DX,top,152.59,9.37,137.59,9.37,-15.0,0.0,136.8744,138.3056,9.1,9.64,
R-HMI-BTN2,MACRO,MACRO_DX,top,152.56,20.34,137.56,20.34,-15.0,0.0,136.8444,138.2756,20.07,20.61,
R-HMI-BTN3,MACRO,MACRO_DX,top,152.5,31.2,137.5,31.2,-15.0,0.0,136.7844,138.2156,30.93,31.47,
R-HMI-BTN4,MACRO,MACRO_DX,top,166.34,33.21,151.34,33.21,-15.0,0.0,150.6244,152.0556,32.94,33.48,
R-HMI-BTN5,MACRO,MACRO_DX,top,163.89,20.32,148.89,20.32,-15.0,0.0,148.1744,149.6056,20.05,20.59,
R-HMI-BTN6,MACRO,MACRO_DX,top,163.91,9.39,148.91,9.39,-15.0,0.0,148.1944,149.6256,9.12,9.66,
R-HMI-ENCA1,MACRO,MACRO_DX,top,155.04,6.91,140.04,6.91,-15.0,0.0,139.77,140.31,6.1944,7.6256,
R-HMI-ENCA2,MACRO,MACRO_DX,top,156.87,2.5,141.87,2.5,-15.0,0.0,141.6,142.14,1.7844,3.2156,
R-HMI-ENCB1,MACRO,MACRO_DX,top,155.06,2.5,140.06,2.5,-15.0,0.0,139.79,140.33,1.7844,3.2156,
R-HMI-ENCB2,MACRO,MACRO_DX,top,156.87,6.91,141.87,6.91,-15.0,0.0,141.6,142.14,6.1944,7.6256,
R-HMI-ENCS1,MACRO,MACRO_DX,top,146.0148,6.9131,131.0148,6.9131,-15.0,0.0,130.7448,131.2848,6.1975,7.6287,
R-HMI-ENCS2,MACRO,MACRO_DX,top,165.854,6.9,150.854,6.9,-15.0,0.0,150.584,151.124,6.1844,7.6156,
R-LEDN-ILIM1,MACRO,MACRO_DX,bottom,115.15,34.18,100.15,34.18,-15.0,0.0,99.4344,100.8656,33.91,34.45,
R-LEDN-MID1,MACRO,MACRO_DX,bottom,110.63,37.15,95.63,37.15,-15.0,0.0,94.9144,96.3456,36.88,37.42,
R-LEDN-MID2,MACRO,MACRO_DX,bottom,110.16,35.47,95.16,35.47,-15.0,0.0,94.89,95.43,34.7544,36.1856,
R-LEDN-OE1,MACRO,MACRO_DX,top,118.67,28.34,103.67,28.34,-15.0,0.0,103.4,103.94,27.6244,29.0556,
R-LEDN-OVLO1,MACRO,MACRO_DX,bottom,111.39,35.48,96.39,35.48,-15.0,0.0,96.12,96.66,34.7644,36.1956,
R-LEDN-PGTH1,MACRO,MACRO_DX,bottom,113.61,32.09,98.61,32.09,-15.0,0.0,97.8944,99.3256,31.82,32.36,
R-LEDN-PGTH2,MACRO,MACRO_DX,bottom,113.62,31.05,98.62,31.05,-15.0,0.0,97.9044,99.3356,30.78,31.32,
R-LEDN-PRS1,REFLOW,REFLOW,bottom,44.12,21.74,51.5,30.2,7.38,8.46,50.7844,52.2156,29.93,30.47,"was under incoming WROOM; service-neighbourhood pull-up, not at LED FPC"
R-LEDN-RST1,MACRO,MACRO_DX,bottom,112.62,35.49,97.62,35.49,-15.0,0.0,97.35,97.89,34.7744,36.2056,
R-LEDN-TERM1,MACRO,MACRO_DX,top,122.16,30.57,107.16,30.57,-15.0,0.0,106.4444,107.8756,30.3,30.84,
R-LEDN-TERM2,MACRO,MACRO_DX,top,123.67,27.95,108.67,27.95,-15.0,0.0,108.4,108.94,27.2344,28.6656,
R-LEDS-ILIM1,MACRO,MACRO_DX,bottom,109.58,7.78,94.58,7.78,-15.0,0.0,94.31,94.85,7.0644,8.4956,
R-LEDS-MID1,MACRO,MACRO_DX,bottom,115.18,4.81,100.18,4.81,-15.0,0.0,99.4644,100.8956,4.54,5.08,
R-LEDS-MID2,MACRO,MACRO_DX,bottom,115.18,5.78,100.18,5.78,-15.0,0.0,99.4644,100.8956,5.51,6.05,
R-LEDS-OE1,MACRO,MACRO_DX,top,126.21,11.91,111.21,11.91,-15.0,0.0,110.94,111.48,11.1944,12.6256,
R-LEDS-OVLO1,MACRO,MACRO_DX,bottom,115.3,7.14,100.3,7.14,-15.0,0.0,99.5844,101.0156,6.87,7.41,
R-LEDS-PGTH1,MACRO,MACRO_DX,bottom,112.96,8.75,97.96,8.75,-15.0,0.0,97.69,98.23,8.0344,9.4656,
R-LEDS-PGTH2,MACRO,MACRO_DX,bottom,114.13,9.93,99.13,9.93,-15.0,0.0,98.86,99.4,9.2144,10.6456,
R-LEDS-RST1,MACRO,MACRO_DX,bottom,112.95,6.2,97.95,6.2,-15.0,0.0,97.68,98.22,5.4844,6.9156,
R-LEDS-TERM1,MACRO,MACRO_DX,top,123.21,10.08,108.21,10.08,-15.0,0.0,107.4944,108.9256,9.81,10.35,
R-LEDS-TERM2,MACRO,MACRO_DX,top,121.11,10.7,106.11,10.7,-15.0,0.0,105.84,106.38,9.9844,11.4156,
R-PWR-FB1,WEST_FIXED,STAY,bottom,32.83,23.6596,32.83,23.6596,0.0,0.0,32.1144,33.5456,23.3896,23.9296,
R-PWR-FB2,WEST_FIXED,STAY,bottom,32.83,22.44,32.83,22.44,0.0,0.0,32.1144,33.5456,22.17,22.71,
R-PWR-I2C1,REFLOW,REFLOW,bottom,46.01,25.04,51.5,33.5,5.49,8.46,51.23,51.77,32.7844,34.2156,I2C pull-up west of ADC
R-PWR-I2C2,REFLOW,REFLOW,bottom,47.17,25.04,56.4,33.5,9.23,8.46,56.13,56.67,32.7844,34.2156,I2C pull-up east of ADC
R-PWR-ILIM1,WEST_FIXED,STAY,bottom,19.0304,22.6494,19.0304,22.6494,0.0,0.0,18.3148,19.746,22.3794,22.9194,
R-PWR-ILIM2,WEST_FIXED,STAY,bottom,23.25,31.15,23.25,31.15,0.0,0.0,22.5344,23.9656,30.88,31.42,
R-PWR-IRQ1,WEST_FIXED,STAY,top,30.59,27.3,30.59,27.3,0.0,0.0,29.8744,31.3056,27.03,27.57,
R-PWR-OVLO1,WEST_FIXED,STAY,bottom,14.75,23.76,14.75,23.76,0.0,0.0,14.0344,15.4656,23.49,24.03,
R-PWR-OVLO2,WEST_FIXED,STAY,bottom,14.31,22.08,14.31,22.08,0.0,0.0,14.04,14.58,21.3644,22.7956,
R-PWR-OVLO3,WEST_FIXED,STAY,bottom,20.9,32.99,20.9,32.99,0.0,0.0,20.1844,21.6156,32.72,33.26,
R-PWR-OVLO4,WEST_FIXED,STAY,bottom,20.9,34.31,20.9,34.31,0.0,0.0,20.1844,21.6156,34.04,34.58,
R-PWR-PG1,WEST_FIXED,STAY,bottom,16.24,22.57,16.24,22.57,0.0,0.0,15.5244,16.9556,22.3,22.84,
R-PWR-PG2,WEST_FIXED,STAY,top,36.02,18.03,36.02,18.03,0.0,0.0,35.75,36.29,17.3144,18.7456,
R-PWR-PG3,MACRO,MACRO_DX,bottom,107.74,33.38,92.74,33.38,-15.0,0.0,92.47,93.01,32.6644,34.0956,
R-PWR-PG4,MACRO,MACRO_DX,bottom,115.29,8.35,100.29,8.35,-15.0,0.0,99.5744,101.0056,8.08,8.62,
R-PWR-PGTH1,WEST_FIXED,STAY,bottom,17.11,20.17,17.11,20.17,0.0,0.0,16.3944,17.8256,19.9,20.44,
R-PWR-PGTH2,WEST_FIXED,STAY,bottom,16.23,21.38,16.23,21.38,0.0,0.0,15.5144,16.9456,21.11,21.65,
R-PWR-PGTH3,WEST_FIXED,STAY,bottom,21.26,29.97,21.26,29.97,0.0,0.0,20.5444,21.9756,29.7,30.24,
R-PWR-PGTH4,WEST_FIXED,STAY,bottom,19.14,29.97,19.14,29.97,0.0,0.0,18.4244,19.8556,29.7,30.24,
R-PWR-RST1,WEST_FIXED,STAY,top,31.35,23.48,31.35,23.48,0.0,0.0,30.6344,32.0656,23.21,23.75,
R-PWR-SCNF1,WEST_FIXED,STAY,top,31.34,24.72,31.34,24.72,0.0,0.0,30.6244,32.0556,24.45,24.99,
R-PWR-UVLO1,WEST_FIXED,STAY,bottom,16.7,24.2,16.7,24.2,0.0,0.0,16.43,16.97,23.4844,24.9156,
R-PWR-UVLO2,WEST_FIXED,STAY,bottom,20.9,31.67,20.9,31.67,0.0,0.0,20.1844,21.6156,31.4,31.94,
R-RT-BOT1,MACRO,MACRO_DX,bottom,105.48,17.21,90.48,17.21,-15.0,0.0,90.0869,90.8731,17.048,17.372,
R-RT-BOT2,MACRO,MACRO_DX,bottom,104.39,14.59,89.39,14.59,-15.0,0.0,89.228,89.552,14.1969,14.9831,
R-RT-DCD1,MACRO,MACRO_DX,bottom,101.99,23.36,86.99,23.36,-15.0,0.0,86.828,87.152,22.9669,23.7531,
R-RT-I2C1,MACRO,MACRO_DX,bottom,104.35,9.61,89.35,9.61,-15.0,0.0,89.188,89.512,9.2169,10.0031,
R-RT-I2C2,MACRO,MACRO_DX,bottom,102.59,9.71,87.59,9.71,-15.0,0.0,87.1969,87.9831,9.548,9.872,
R-RT-I2C3,MACRO,MACRO_DX,bottom,101.75,17.23,86.75,17.23,-15.0,0.0,86.3569,87.1431,17.068,17.392,
R-RT-I2C4,MACRO,MACRO_DX,bottom,103.04,17.22,88.04,17.22,-15.0,0.0,87.6469,88.4331,17.058,17.382,
R-RT-IRQ1,MACRO,MACRO_DX,bottom,105.21,12.6,90.21,12.6,-15.0,0.0,90.048,90.372,12.2069,12.9931,
R-RT-PRM1,MACRO,MACRO_DX,bottom,107.59,19.39,92.59,19.39,-15.0,0.0,92.428,92.752,18.9969,19.7831,
R-RT-PRM2,MACRO,MACRO_DX,bottom,108.39,19.87,93.39,19.87,-15.0,0.0,93.228,93.552,19.4769,20.2631,
R-RT-QSPI1,MACRO,MACRO_DX,bottom,98.55,22.82,83.55,22.82,-15.0,0.0,83.1569,83.9431,22.658,22.982,
R-RT-QSPI2,MACRO,MACRO_DX,bottom,98.55,22.02,83.55,22.02,-15.0,0.0,83.1569,83.9431,21.858,22.182,
R-RT-RST1,MACRO,MACRO_DX,bottom,94.53,17.38,79.53,17.38,-15.0,0.0,79.368,79.692,16.9869,17.7731,
R-RT-RST2,MACRO,MACRO_DX,bottom,104.25,11.81,89.25,11.81,-15.0,0.0,88.8569,89.6431,11.648,11.972,
R-RT-USB1,MACRO,MACRO_DX,bottom,97.13,21.47,82.13,21.47,-15.0,0.0,81.968,82.292,21.0769,21.8631,
R-S3-BOT1,MACRO,MACRO_DX,top,56.37,25.07,41.37,25.07,-15.0,0.0,40.6544,42.0856,24.8,25.34,
R-S3-IRQ1,REFLOW,REFLOW,top,48.17,23.32,44.8,27.2,-3.37,3.88,44.0844,45.5156,26.93,27.47,blind -15 mm lands on the buck; park north of new S3 west corner
R-S3-IRQ2,WEST_FIXED,STAY,top,38.26,29.97,38.26,29.97,0.0,0.0,37.5444,38.9756,29.7,30.24,
R-S3-RST1,MACRO,MACRO_DX,top,79.72,10.5,64.72,10.5,-15.0,0.0,64.45,64.99,9.7844,11.2156,
R-SVC-PRS1,WEST_FIXED,STAY,top,18.9452,31.11,18.9452,31.11,0.0,0.0,18.6752,19.2152,30.3944,31.8256,
R-SVC-TMP1,WEST_FIXED,STAY,top,38.26,26.46,38.26,26.46,0.0,0.0,37.5444,38.9756,26.19,26.73,
R-USB-BIAS1,MACRO,MACRO_DX,bottom,79.95,25.02,64.95,25.02,-15.0,0.0,64.68,65.22,24.3044,25.7356,
R-USB-BLK1,MACRO,MACRO_DX,top,87.56,23.95,72.56,23.95,-15.0,0.0,72.29,72.83,23.2344,24.6656,
R-USB-BLK2,MACRO,MACRO_DX,top,86.34,24.18,71.34,24.18,-15.0,0.0,71.07,71.61,23.4644,24.8956,
R-USB-CC1,WEST_FIXED,STAY,top,15.7,13.45,15.7,13.45,0.0,0.0,15.43,15.97,12.7344,14.1656,
R-USB-CC2,WEST_FIXED,STAY,top,18.8,15.2,18.8,15.2,0.0,0.0,18.0844,19.5156,14.93,15.47,
R-USB-CC3,WEST_FIXED,STAY,top,18.8,16.55,18.8,16.55,0.0,0.0,18.0844,19.5156,16.28,16.82,
R-USB-CC4,WEST_FIXED,STAY,top,17.05,13.45,17.05,13.45,0.0,0.0,16.78,17.32,12.7344,14.1656,
R-USB-CC5,WEST_FIXED,STAY,top,18.8,17.9,18.8,17.9,0.0,0.0,18.0844,19.5156,17.63,18.17,
R-USB-NREM1,MACRO,MACRO_DX,top,85.11,20.68,70.11,20.68,-15.0,0.0,69.84,70.38,19.9644,21.3956,
R-USB-NREM2,MACRO,MACRO_DX,top,85.12,24.41,70.12,24.41,-15.0,0.0,69.85,70.39,23.6944,25.1256,
R-USB-RST1,MACRO,MACRO_DX,top,87.56,21.79,72.56,21.79,-15.0,0.0,72.29,72.83,21.0744,22.5056,
RT-BTN1,MACRO,MACRO_DX,top,95.15,1.76,80.15,1.76,-15.0,0.0,77.35,82.95,0.5475,3.2475,
RT-BTN2,MACRO,MACRO_DX,top,105.66,1.76,90.66,1.76,-15.0,0.0,87.86,93.46,0.5475,3.2475,
RT-MCU1,MACRO,MACRO_DX,top,103.99,20.02,88.99,20.02,-15.0,0.0,83.5901,94.3899,14.6201,25.4199,
RT-QSPI1,MACRO,MACRO_DX,bottom,97.4,28.68,82.4,28.68,-15.0,0.0,78.9001,85.8999,26.481,30.879,
RT-XTAL1,MACRO,MACRO_DX,top,92.03,16.29,77.03,16.29,-15.0,0.0,75.58,78.48,14.4899,18.0901,
S3-BTN1,MACRO,MACRO_DX,top,86.73,1.82,71.73,1.82,-15.0,0.0,68.93,74.53,0.6075,3.3075,
S3-BTN2,MACRO,MACRO_DX,top,61.7,38.3,46.7,38.3,-15.0,0.0,43.9,49.5,36.8125,39.5125,
S3-MCU1,MACRO,MACRO_DX,top,67.28,16.39,52.28,16.39,-15.0,0.0,42.78,61.78,7.045,25.735,
SVC-ACCL1,MACRO,MACRO_DX,top,103.51,11.52,88.51,11.52,-15.0,0.0,87.385,89.635,10.395,12.645,
SVC-ADC1,REFLOW,REFLOW,bottom,46.06,22.573,54.0,33.5,7.94,10.927,52.36,55.64,31.86,35.14,"ADS7138 out of S3 body; north of S3, south of S3-BTN2, bottom to keep L1 USB wrap"
SVC-INA1,WEST_FIXED,STAY,top,31.17,31.03,31.17,31.03,0.0,0.0,30.03,32.31,28.11,33.95,
SVC-TEMP1,REFLOW,REFLOW,top,40.97,28.27,40.97,29.07,0.0,0.8,39.8129,42.1271,26.1079,32.0321,y+0.80 mm: clear S3 west-north corner without kissing C-PWR-BLK7
U33,WEST_FIXED,STAY,bottom,5.0,5.0,5.0,5.0,0.0,0.0,2.6,7.4,2.6001,7.4001,
U34,MACRO,MACRO_DX,bottom,169.96,34.87,154.96,34.87,-15.0,0.0,152.56,157.36,32.4701,37.2701,
U35,MACRO,MACRO_DX,bottom,169.7,4.62,154.7,4.62,-15.0,0.0,152.3,157.1,2.2201,7.0201,
U7,WEST_FIXED,STAY,bottom,5.85,34.17,5.85,34.17,0.0,0.0,3.45,8.25,31.7701,36.5701,
USB-C1,WEST_FIXED,STAY,top,9.25,20.0,9.25,20.0,0.0,0.0,5.1499,13.1501,13.425,26.575,
USB-CC1,WEST_FIXED,STAY,top,16.3,16.0,16.3,16.0,0.0,0.0,15.4475,17.1524,15.15,16.85,
USB-HUB1,MACRO,MACRO_DX,top,81.74,22.52,66.74,22.52,-15.0,0.0,64.34,69.14,20.12,24.92,
USB-XTAL1,MACRO,MACRO_DX,top,83.04,29.8,68.04,29.8,-15.0,0.0,66.2399,69.8401,28.35,31.25,
