designator,component_identity,supplier,lcsc,footprint,side,x_mm,y_mm,rotation_deg,bbox_xmin_mm,bbox_ymin_mm,bbox_xmax_mm,bbox_ymax_mm,pad_count,domain
AUD-ADC1,TLV320ADC6120IRTER,TLV320ADC6120IRTER.1,,WQFN-20_L3.0-W3.0-P0.50-TL-EP1.4,top,139.75,19.0918,90.0,138.1735,17.5167,141.3265,20.6669,21,audio
AUD-FPC1,KH-FG1.0-H2.0-6PIN,KH-FG1.0-H2.0-6PIN.1,,FPC-SMD_KH-FG1.0-H2.0-6PIN,top,137.21,35.45,180.0,131.51,33.4,142.91,37.5,8,audio
AUD-JACK1,PJ-327F-J,PJ-327F-J.1,,AUDIO-SMD_PJ-327F-J,top,138.6401,7.3082,180.0,133.7901,2.5083,143.4901,12.1081,5,audio
AUD-MIC1,IM69D130V01XTSA1_C42464166,IM69D130V01XTSA1_C42464166.1,,MIC-SMD_5P-L4.0-W3.0-P0.70-TR_IM69D130V01,bottom,130.1164,18.4548,90.0,128.3713,17.3798,131.4865,19.5298,8,audio
C-AUD-AREG1,CL21A106KAYNNNE_C15850,CL21A106KAYNNNE.1,,C0805,top,136.08,23.32,90.0,135.405,21.615,136.755,25.025,2,audio
C-AUD-AREG2,CL05B104KO5NNNC,CL05B104KO5NNNC.1,,C0402,top,136.08,20.54,180.0,135.4099,20.27,136.7501,20.81,2,audio
C-AUD-DEC1,CL05B104KO5NNNC,CL05B104KO5NNNC.1,,C0402,top,143.54,21.18,90.0,143.27,20.5099,143.81,21.8501,2,audio
C-AUD-DEC2,CL05B104KO5NNNC,CL05B104KO5NNNC.1,,C0402,top,142.34,21.19,90.0,142.07,20.5199,142.61,21.8601,2,audio
C-AUD-DEC3,CL05B104KO5NNNC,CL05B104KO5NNNC.1,,C0402,top,143.54,19.23,270.0,143.27,18.5599,143.81,19.9001,2,audio
C-AUD-DREG1,CL21A106KAYNNNE_C15850,CL21A106KAYNNNE.1,,C0805,top,138.18,23.32,90.0,137.505,21.615,138.855,25.025,2,audio
C-AUD-DREG2,CL05B104KO5NNNC,CL05B104KO5NNNC.1,,C0402,top,139.83,22.25,90.0,139.56,21.5799,140.1,22.9201,2,audio
C-AUD-VRF1,CL05A105KA5NQNC,CL05A105KA5NQNC.1,,C0402,top,136.07,19.28,180.0,135.3999,19.01,136.7401,19.55,2,audio
C-LEDN-BLK1,10uF,CL21A106KAYNNNE.1,,C0805,top,116.79,27.77,-90.0,116.115,26.065,117.465,29.475,2,led
C-LEDN-BLK2,CL05B104KO5NNNC,CL05B104KO5NNNC.1,,C0402,top,120.16,30.57,180.0,119.4899,30.3,120.8301,30.84,2,led
C-LEDN-DVDT1,2.2nF,C0402T104K4RACTU.1,,C0402,bottom,115.01,33.18,0.0,114.3399,32.91,115.6801,33.45,2,led
C-LEDN-ITMR1,1nF,C0402T104K4RACTU.1,,C0402,bottom,114.79,35.04,0.0,114.1199,34.77,115.4601,35.31,2,led
C-LEDS-BLK1,CL21A106KAYNNNE_C15850,CL21A106KAYNNNE.1,,C0805,top,129.14,10.72,270.0,128.465,9.015,129.815,12.425,2,led
C-LEDS-BLK2,CL05B104KO5NNNC,CL05B104KO5NNNC.1,,C0402,top,127.45,11.88,90.0,127.18,11.2099,127.72,12.5501,2,led
C-LEDS-DVDT1,C0402T104K4RACTU,C0402T104K4RACTU.1,,C0402,bottom,110.92,8.26,180.0,110.2499,7.99,111.5901,8.53,2,led
C-LEDS-ITMR1,C0402T104K4RACTU,C0402T104K4RACTU.1,,C0402,bottom,110.98,6.37,180.0,110.3099,6.1,111.6501,6.64,2,led
C-PWR-BLK1,CL21A106KAYNNNE_C15850,CL21A106KAYNNNE.1,,C0805,top,20.25,21.6,90.0,19.575,19.895,20.925,23.305,2,power
C-PWR-BLK2,CL21A106KAYNNNE_C15850,CL21A106KAYNNNE.1,,C0805,top,24.97,33.46,0.0,23.265,32.785,26.675,34.135,2,power
C-PWR-BLK3,CL05B222KB5NNNC,CL05B222KB5NNNC.1,,C0402,top,16.5,20.35,180.0,15.8299,20.08,17.1701,20.62,2,power
C-PWR-BLK4,CL21A106KAYNNNE_C15850,CL21A106KAYNNNE.1,,C0805,top,20.425,33.46,180.0,18.72,32.785,22.13,34.135,2,power
C-PWR-BLK5,CL21B105KBFNNNE,CL21B105KBFNNNE.1,,C0805,top,20.425,35.65,0.0,18.72,34.975,22.13,36.325,2,power
C-PWR-BLK6,CL21A106KAYNNNE_C15850,CL21A106KAYNNNE.1,,C0805,top,38.22,20.63,270.0,37.545,18.925,38.895,22.335,2,power
C-PWR-BLK7,CL21A106KAYNNNE_C15850,CL21A106KAYNNNE.1,,C0805,top,38.05,33.56,0.0,36.345,32.885,39.755,34.235,2,power
C-PWR-BLK8,CL05B104KO5NNNC,CL05B104KO5NNNC.1,,C0402,top,34.03,33.9,0.0,33.3599,33.63,34.7001,34.17,2,power
C-PWR-DEC1,100nF,CL05B104KO5NNNC.1,,C0402,bottom,113.38,28.41,90.0,113.11,27.7399,113.65,29.0801,2,power
C-PWR-DEC2,CL05A105KA5NQNC,CL05A105KA5NQNC.1,,C0402,bottom,111.04,3.09,180.0,110.3699,2.82,111.7101,3.36,2,power
C-PWR-DEC3,CL05B104KO5NNNC,CL05B104KO5NNNC.1,,C0402,top,20.26,1.44,0.0,19.5899,1.17,20.9301,1.71,2,power
C-PWR-DEC4,CL21A226MAQNNNE,CL21A226MAQNNNE.1,,C0805,top,32.95,19.05,0.0,31.245,18.375,34.655,19.725,2,power
C-PWR-DEC5,CL21A226MAQNNNE,CL21A226MAQNNNE.1,,C0805,top,28.06,22.35,0.0,26.355,21.675,29.765,23.025,2,power
C-PWR-DEC6,CL21A226MAQNNNE,CL21A226MAQNNNE.1,,C0805,top,32.96,16.83,0.0,31.255,16.155,34.665,17.505,2,power
C-PWR-DVDT1,C0402T104K4RACTU,C0402T104K4RACTU.1,,C0402,bottom,18.87,21.41,0.0,18.1999,21.14,19.5401,21.68,2,power
C-PWR-DVDT2,C0402T104K4RACTU,C0402T104K4RACTU.1,,C0402,bottom,23.26,29.97,0.0,22.5899,29.7,23.9301,30.24,2,power
C-PWR-FB1,CL05B222KB5NNNC,CL05B222KB5NNNC.1,,C0402,bottom,32.85,24.88,0.0,32.1799,24.61,33.5201,25.15,2,power
C-PWR-ITMR1,C0402T104K4RACTU,C0402T104K4RACTU.1,,C0402,bottom,18.81,23.83,0.0,18.1399,23.56,19.4801,24.1,2,power
C-PWR-ITMR2,C0402T104K4RACTU,C0402T104K4RACTU.1,,C0402,bottom,23.19,32.33,0.0,22.5199,32.06,23.8601,32.6,2,power
C-PWR-SS1,CL05A474KQ5NNNC,CL05A474KQ5NNNC.1,,C0402,bottom,34.84,22.42,0.0,34.1699,22.15,35.5101,22.69,2,power
C-RT-DCD1,1uF,CL05A105KA5NQNC.1,,C0402,bottom,102.99,24.19,90.0,102.72,23.5199,103.26,24.8601,2,rt-core
C-RT-DEC1,={Value},,,C0201,bottom,102.79,20.93,270.0,102.628,20.4715,102.952,21.3885,2,rt-core
C-RT-DEC2,={Value},,,C0201,bottom,101.46,24.42,0.0,101.0015,24.258,101.9185,24.582,2,rt-core
C-RT-DEC3,={Value},,,C0201,bottom,101.99,21.72,270.0,101.828,21.2615,102.152,22.1785,2,rt-core
C-RT-DEC4,={Value},,,C0201,bottom,105.99,18.52,270.0,105.828,18.0615,106.152,18.9785,2,rt-core
C-RT-DEC5,={Value},,,C0201,bottom,106.3,21.22,0.0,105.8415,21.058,106.7585,21.382,2,rt-core
C-RT-DEC6,={Value},,,C0201,bottom,99.32,14.82,0.0,98.8615,14.658,99.7785,14.982,2,rt-core
C-RT-PLL1,={Value},,,C0201,bottom,98.5,18.02,180.0,98.0415,17.858,98.9585,18.182,2,rt-core
C-RT-RST1,={Value},,,C0201,bottom,100.1,20.42,180.0,99.6415,20.258,100.5585,20.582,2,rt-core
C-RT-SNV1,={Value},,,C0201,bottom,97.38,11.28,90.0,97.218,10.8215,97.542,11.7385,2,rt-core
C-RT-SOC1,22uF,CL21A226MAQNNNE.1,,C0805,top,105.7,28.6,0.0,103.995,27.925,107.405,29.275,2,rt-core
C-RT-SOC10,={Value},,,C0201,bottom,103.59,20.93,270.0,103.428,20.4715,103.752,21.3885,2,rt-core
C-RT-SOC11,={Value},,,C0201,bottom,105.19,18.52,270.0,105.028,18.0615,105.352,18.9785,2,rt-core
C-RT-SOC12,={Value},,,C0201,bottom,107.69,26.82,0.0,107.2315,26.658,108.1485,26.982,2,rt-core
C-RT-SOC13,={Value},GRM035R60J475ME15D.1,,C0201,bottom,110.53,21.54,90.0,110.368,21.0815,110.692,21.9985,2,rt-core
C-RT-SOC14,={Value},GRM035R60J475ME15D.1,,C0201,bottom,111.57,18.5,90.0,111.408,18.0415,111.732,18.9585,2,rt-core
C-RT-SOC15,={Value},GRM035R60J475ME15D.1,,C0201,bottom,100.13,12.86,90.0,99.968,12.4015,100.292,13.3185,2,rt-core
C-RT-SOC16,={Value},GRM035R60J475ME15D.1,,C0201,bottom,110.46,23.17,90.0,110.298,22.7115,110.622,23.6285,2,rt-core
C-RT-SOC2,={Value},GRM033R60J224ME15D.1,,C0201,bottom,104.92,19.62,180.0,104.4615,19.458,105.3785,19.782,2,rt-core
C-RT-SOC3,={Value},GRM033R60J224ME15D.1,,C0201,bottom,104.39,21.51,90.0,104.228,21.0515,104.552,21.9685,2,rt-core
C-RT-SOC4,={Value},GRM033R60J224ME15D.1,,C0201,bottom,103.59,19.1,90.0,103.428,18.6415,103.752,19.5585,2,rt-core
C-RT-SOC5,={Value},GRM033R60J224ME15D.1,,C0201,bottom,104.9184,20.4252,180.0,104.4599,20.2632,105.3769,20.5872,2,rt-core
C-RT-SOC6,={Value},,,C0201,bottom,102.7923,19.097,90.0,102.6303,18.6385,102.9543,19.5555,2,rt-core
C-RT-SOC7,={Value},,,C0201,bottom,104.11,16.89,270.0,103.948,16.4315,104.272,17.3485,2,rt-core
C-RT-SOC8,={Value},,,C0201,bottom,105.19,21.51,90.0,105.028,21.0515,105.352,21.9685,2,rt-core
C-RT-SOC9,={Value},,,C0201,bottom,102.79,22.31,90.0,102.628,21.8515,102.952,22.7685,2,rt-core
C-RT-USB1,={Value},,,C0201,bottom,99.59,21.49,90.0,99.428,21.0315,99.752,21.9485,2,rt-core
C-RT-VDDH1,1uF,CL05A105KA5NQNC.1,,C0402,bottom,98.38,19.63,180.0,97.7099,19.36,99.0501,19.9,2,rt-core
C-RT-VUSB1,1uF,CL05A105KA5NQNC.1,,C0402,bottom,101.84,19.18,270.0,101.57,18.5099,102.11,19.8501,2,rt-core
C-RT-XTL1,={Value},,,C0201,top,92.3,13.5,180.0,91.8415,13.338,92.7585,13.662,2,rt-core
C-RT-XTL2,={Value},,,C0201,top,91.89,18.9452,0.0,91.4315,18.7832,92.3485,19.1072,2,rt-core
C-S3-DEC1,CL21A106KAYNNNE_C15850,CL21A106KAYNNNE.1,,C0805,top,82.36,7.38,90.0,81.685,5.675,83.035,9.085,2,s3-core
C-S3-DEC2,CL05B104KO5NNNC,CL05B104KO5NNNC.1,,C0402,top,78.4,8.11,270.0,78.13,7.4399,78.67,8.7801,2,s3-core
C-S3-RST1,CL05B104KO5NNNC,CL05B104KO5NNNC.1,,C0402,top,78.4,10.47,90.0,78.13,9.7999,78.67,11.1401,2,s3-core
C-SVC-DEC1,CL05A105KA5NQNC,CL05A105KA5NQNC.1,,C0402,bottom,46.81,20.65,270.0,46.54,19.9799,47.08,21.3201,2,debug-service
C-USB-BLK1,CL05B104KO5NNNC,CL05B104KO5NNNC.1,,C0402,top,17.74,25.11,0.0,17.0699,24.84,18.4101,25.38,2,usb
C-USB-BLK2,CL21A106KAYNNNE_C15850,CL21A106KAYNNNE.1,,C0805,top,144.06,27.03,90.0,143.385,25.325,144.735,28.735,2,usb
C-USB-BLK3,CL21B105KBFNNNE,CL21B105KBFNNNE.1,,C0805,top,14.53,22.85,270.0,13.855,21.145,15.205,24.555,2,usb
C-USB-CRFL1,CL21B105KBFNNNE,CL21B105KBFNNNE.1,,C0805,top,81.2,18.61,180.0,79.495,17.935,82.905,19.285,2,usb
C-USB-DEC1,CL05B104KO5NNNC,CL05B104KO5NNNC.1,,C0402,top,77.8,19.44,90.0,77.53,18.7699,78.07,20.1101,2,usb
C-USB-DEC2,CL05B104KO5NNNC,CL05B104KO5NNNC.1,,C0402,top,78.17,16.83,90.0,77.9,16.1599,78.44,17.5001,2,usb
C-USB-DEC3,CL05B104KO5NNNC,CL05B104KO5NNNC.1,,C0402,top,80.81,15.62,0.0,80.1399,15.35,81.4801,15.89,2,usb
C-USB-DEC4,CL21B105KBFNNNE,CL21B105KBFNNNE.1,,C0805,bottom,80.13,20.12,180.0,78.425,19.445,81.835,20.795,2,usb
C-USB-PLLF1,CL05B104KO5NNNC,CL05B104KO5NNNC.1,,C0402,bottom,81.29,24.97,90.0,81.02,24.2999,81.56,25.6401,2,usb
C-USB-RST1,100nF,CL05B104KO5NNNC.1,,C0402,top,86.38,21.7196,270.0,86.11,21.0495,86.65,22.3897,2,usb
C-USB-XTL1,0402CG180J500NT,0402CG180J500NT.1,,C0402,top,80.07,29.08,90.0,79.8,28.4099,80.34,29.7501,2,usb
C-USB-XTL2,0402CG180J500NT,0402CG180J500NT.1,,C0402,top,84.2,32.27,180.0,83.5299,32.0,84.8701,32.54,2,usb
HMI-BTN1,TS665WS_C398058,TS665WS.1,,SW-SMD_L6.0-W6.0-LS6.6,top,150.2,13.1874,180.0,146.015,12.4314,154.385,13.9434,2,hmi
HMI-BTN2,TS665WS_C398058,TS665WS.1,,SW-SMD_L6.0-W6.0-LS6.6,top,150.2,24.1437,180.0,146.015,23.3877,154.385,24.8997,2,hmi
HMI-BTN3,TS665WS_C398058,TS665WS.1,,SW-SMD_L6.0-W6.0-LS6.6,top,150.24,35.1,180.0,146.055,34.344,154.425,35.856,2,hmi
HMI-BTN4,TS665WS_C398058,TS665WS.1,,SW-SMD_L6.0-W6.0-LS6.6,top,161.54,35.1,180.0,157.355,34.344,165.725,35.856,2,hmi
HMI-BTN5,TS665WS_C398058,TS665WS.1,,SW-SMD_L6.0-W6.0-LS6.6,top,161.5,24.1437,180.0,157.315,23.3877,165.685,24.8997,2,hmi
HMI-BTN6,TS665WS_C398058,TS665WS.1,,SW-SMD_L6.0-W6.0-LS6.6,top,161.5,13.1874,180.0,157.315,12.4314,165.685,13.9434,2,hmi
HMI-ENC1,KH-EC063T122000,KH-EC063T122000.1,,SW-SMD_KH-EC063T122000,top,150.35,4.7065,0.0,146.6,3.1566,154.1,6.2564,4,hmi
HMI-ENC2,KH-EC063T122000,KH-EC063T122000.1,,SW-SMD_KH-EC063T122000,top,161.5552,4.7065,180.0,157.8052,3.1566,165.3052,6.2564,4,hmi
HMI-RGB1,WS2812E-1313,WS2812E-1313.1,,LED-SMD_4P-L1.3-W1.3-P0.80_WS2812E-1313,top,154.8,17.4,180.0,154.15,16.75,155.45,18.05,4,hmi
HMI-RGB2,WS2812E-1313,WS2812E-1313.1,,LED-SMD_4P-L1.3-W1.3-P0.80_WS2812E-1313,top,154.71,28.44,-90.0,154.06,27.79,155.36,29.09,4,hmi
HMI-RGB3,WS2812E-1313,WS2812E-1313.1,,LED-SMD_4P-L1.3-W1.3-P0.80_WS2812E-1313,top,154.66,36.82,-90.0,154.01,36.17,155.31,37.47,4,hmi
HMI-RGB4,WS2812E-1313,WS2812E-1313.1,,LED-SMD_4P-L1.3-W1.3-P0.80_WS2812E-1313,top,165.76,37.12,-90.0,165.11,36.47,166.41,37.77,4,hmi
HMI-RGB5,WS2812E-1313,WS2812E-1313.1,,LED-SMD_4P-L1.3-W1.3-P0.80_WS2812E-1313,top,165.96,28.26,0.0,165.31,27.61,166.61,28.91,4,hmi
HMI-RGB6,WS2812E-1313,WS2812E-1313.1,,LED-SMD_4P-L1.3-W1.3-P0.80_WS2812E-1313,top,166.02,17.3,0.0,165.37,16.65,166.67,17.95,4,hmi
LEDN-FPC1,KH-FG1.0-H2.0-10PIN,KH-FG1.0-H2.0-10PIN.1,,FPC-SMD_KH-FG1.0-H2.0-10PIN,top,123.16,35.5,180.0,115.46,33.45,130.86,37.55,12,led
LEDN-FUSE1,TPS259474LRPWR,TPS259474LRPWR.1,,VQFN-10_L2.0-W2.0-P0.45-TL,top,113.5,34.0,0.0,112.4697,32.8,114.53,35.2,10,led
LEDN-LVL1,74AHCT1G125DBVRE4,74AHCT1G125DBVRE4.1,,SOT-23-5_L2.9-W1.6-P0.95-LS2.8-BL,top,121.43,28.07,0.0,120.18,26.4699,122.68,29.6701,5,led
LEDN-LVL2,74AHCT1G125DBVRE4,74AHCT1G125DBVRE4.1,,SOT-23-5_L2.9-W1.6-P0.95-LS2.8-BL,top,126.63,27.37,0.0,125.38,25.7699,127.88,28.9701,5,led
LEDS-FPC1,KH-FG1.0-H2.0-10PIN,KH-FG1.0-H2.0-10PIN.1,,FPC-SMD_KH-FG1.0-H2.0-10PIN,top,123.0,4.5,0.0,115.3,2.45,130.7,6.55,12,led
LEDS-FUSE1,TPS259474LRPWR,TPS259474LRPWR.1,,VQFN-10_L2.0-W2.0-P0.45-TL,top,112.15,7.47,180.0,111.12,6.27,113.1803,8.67,10,led
LEDS-LVL1,74AHCT1G125DBVRE4,74AHCT1G125DBVRE4.1,,SOT-23-5_L2.9-W1.6-P0.95-LS2.8-BL,top,123.74,12.52,180.0,122.49,10.9199,124.99,14.1201,5,led
LEDS-LVL2,74AHCT1G125DBVRE4,74AHCT1G125DBVRE4.1,,SOT-23-5_L2.9-W1.6-P0.95-LS2.8-BL,top,118.52,12.25,180.0,117.27,10.6499,119.77,13.8501,5,led
LOGC-AND1,74LVC1G08GV,74LVC1G08GV.1,,SOT-23-5_L3.0-W1.7-P0.95-LS2.8-BR,top,24.44,4.69,90.0,23.19,2.8399,25.69,6.5401,5,power
LOGC-AND2,74LVC1G08GV,74LVC1G08GV.1,,SOT-23-5_L3.0-W1.7-P0.95-LS2.8-BR,top,20.33,4.69,90.0,19.08,2.8399,21.58,6.5401,5,power
LOGC-AND3,74LVC1G08,74LVC1G08GV.1,,SOT-23-5_L3.0-W1.7-P0.95-LS2.8-BR,bottom,110.21,30.05,270.0,108.96,28.1999,111.46,31.9001,5,power
LOGC-AND4,74LVC1G08GV,74LVC1G08GV.1,,SOT-23-5_L3.0-W1.7-P0.95-LS2.8-BR,bottom,120.35,4.0101,180.0,118.4999,2.7601,122.2001,5.2601,5,power
LOGC-INV1,SN74LVC1G04DBVR,SN74LVC1G04DBVR.1,,SOT-23-5_L3.0-W1.7-P0.95-LS2.8-BR,top,18.31,8.97,90.0,17.06,7.1199,19.56,10.8201,5,power
LOGC-INV2,SN74LVC1G04DBVR,SN74LVC1G04DBVR.1,,SOT-23-5_L3.0-W1.7-P0.95-LS2.8-BR,top,22.41,8.97,90.0,21.16,7.1199,23.66,10.8201,5,power
LOGC-OR1,SN74LVC1G32DBVR,SN74LVC1G32DBVR.1,,SOT-23-5_L3.0-W1.7-P0.95-LS2.8-BR,top,26.51,8.97,90.0,25.26,7.1199,27.76,10.8201,5,power
LOGC-OR2,74LVC1G04,SN74LVC1G04DBVR.1,,SOT-23-5_L3.0-W1.7-P0.95-LS2.8-BR,bottom,119.08,34.88,90.0,117.83,33.0299,120.33,36.7301,5,power
LOGC-OR3,SN74LVC1G04DBVR,SN74LVC1G04DBVR.1,,SOT-23-5_L3.0-W1.7-P0.95-LS2.8-BR,bottom,120.4,7.7001,180.0,118.5499,6.4501,122.2501,8.9501,5,power
PWR-BUCK1,TPS62913RPUR,TPS62913RPUR.1,,QFN-10_L2.0-W2.0-P0.50_TPS62912RPUR,top,33.7,21.5,0.0,32.5,20.5252,34.925,22.6498,10,power
PWR-FUSE1,TPS259474LRPWR,TPS259474LRPWR.1,,VQFN-10_L2.0-W2.0-P0.45-TL,top,17.54,22.61,0.0,16.5097,21.41,18.57,23.81,10,power
PWR-FUSE2,TPS259474LRPWR,TPS259474LRPWR.1,,VQFN-10_L2.0-W2.0-P0.45-TL,top,21.59,30.8287,0.0,20.5597,29.6287,22.62,32.0287,10,power
PWR-IND1,GCNR4018,GCNR4018.1,,IND-SMD_L4.0-W4.0,top,27.87,18.03,180.0,25.4701,16.28,30.2699,19.78,2,power
PWR-L1,4.7uH,GCNR4018.1,,IND-SMD_L4.0-W4.0,top,93.06,23.63,270.0,91.31,21.2301,94.81,26.0299,2,power
PWR-SHNT1,10mR,10MR.1,,RES-SMD_L6.4-W3.2_WSK2512R0100FEA,top,31.21,36.55,0.0,27.08,34.85,35.34,38.25,4,power
R-AUD-AUD1,0402WGF0000TCE,0402WGF0000TCE.1,,R0402,bottom,131.2302,16.1313,0.0,130.5146,15.8613,131.9458,16.4013,2,audio
R-AUD-AUD2,RC0402FR-7W33RL,RC0402FR-7W33RL.1,,R0402,top,141.06,22.27,90.0,140.79,21.5544,141.33,22.9856,2,audio
R-AUD-AUX1,0402WGF1002TCE,0402WGF1002TCE.1,,R0402,top,136.71,16.35,0.0,135.9944,16.08,137.4256,16.62,2,audio
R-AUD-AUX2,0402WGF1002TCE,0402WGF1002TCE.1,,R0402,top,143.14,13.1128,90.0,142.87,12.3972,143.41,13.8284,2,audio
R-AUD-AUX3,0402WGF1002TCE,0402WGF1002TCE.1,,R0402,top,138.47,14.7704,0.0,137.7544,14.5004,139.1856,15.0404,2,audio
R-AUD-AUX4,0402WGF1002TCE,0402WGF1002TCE.1,,R0402,top,142.97,16.36,0.0,142.2544,16.09,143.6856,16.63,2,audio
R-AUD-AUX5,0402WGF1002TCE,0402WGF1002TCE.1,,R0402,top,132.07,12.89,0.0,131.3544,12.62,132.7856,13.16,2,audio
R-AUD-AUX6,0402WGF1002TCE,0402WGF1002TCE.1,,R0402,top,131.435,8.51,0.0,130.7194,8.24,132.1506,8.78,2,audio
R-AUD-AUX7,CL0402FN10KP,CL0402FN10KP.1,,R0402,top,136.31,14.77,180.0,135.5944,14.5,137.0256,15.04,2,audio
R-AUD-AUX8,CL0402FN10KP,CL0402FN10KP.1,,R0402,top,144.57,13.1,90.0,144.3,12.3844,144.84,13.8156,2,audio
R-AUD-PRS1,CL0402FN10KP,CL0402FN10KP.1,,R0402,top,139.18,32.17,180.0,138.4644,31.9,139.8956,32.44,2,audio
R-HMI-BTN1,0402WGF1002TCE,0402WGF1002TCE.1,,R0402,top,152.59,9.37,0.0,151.8744,9.1,153.3056,9.64,2,hmi
R-HMI-BTN2,0402WGF1002TCE,0402WGF1002TCE.1,,R0402,top,152.56,20.34,0.0,151.8444,20.07,153.2756,20.61,2,hmi
R-HMI-BTN3,0402WGF1002TCE,0402WGF1002TCE.1,,R0402,top,152.5,31.2,0.0,151.7844,30.93,153.2156,31.47,2,hmi
R-HMI-BTN4,0402WGF1002TCE,0402WGF1002TCE.1,,R0402,top,166.34,33.21,180.0,165.6244,32.94,167.0556,33.48,2,hmi
R-HMI-BTN5,0402WGF1002TCE,0402WGF1002TCE.1,,R0402,top,163.89,20.32,0.0,163.1744,20.05,164.6056,20.59,2,hmi
R-HMI-BTN6,0402WGF1002TCE,0402WGF1002TCE.1,,R0402,top,163.91,9.39,0.0,163.1944,9.12,164.6256,9.66,2,hmi
R-HMI-ENCA1,0402WGF1002TCE,0402WGF1002TCE.1,,R0402,top,155.04,6.91,-90.0,154.77,6.1944,155.31,7.6256,2,hmi
R-HMI-ENCA2,0402WGF1002TCE,0402WGF1002TCE.1,,R0402,top,156.87,2.5,90.0,156.6,1.7844,157.14,3.2156,2,hmi
R-HMI-ENCB1,0402WGF1002TCE,0402WGF1002TCE.1,,R0402,top,155.06,2.5,90.0,154.79,1.7844,155.33,3.2156,2,hmi
R-HMI-ENCB2,0402WGF1002TCE,0402WGF1002TCE.1,,R0402,top,156.87,6.91,-90.0,156.6,6.1944,157.14,7.6256,2,hmi
R-HMI-ENCS1,0402WGF1002TCE,0402WGF1002TCE.1,,R0402,top,146.0148,6.9131,-90.0,145.7448,6.1975,146.2848,7.6287,2,hmi
R-HMI-ENCS2,0402WGF1002TCE,0402WGF1002TCE.1,,R0402,top,165.854,6.9,-90.0,165.584,6.1844,166.124,7.6156,2,hmi
R-LEDN-ILIM1,1k65,0402WGF1651TCE.1,,R0402,bottom,115.15,34.18,0.0,114.4344,33.91,115.8656,34.45,2,led
R-LEDN-MID1,160k,0402WGF1603TCE.1,,R0402,bottom,110.63,37.15,180.0,109.9144,36.88,111.3456,37.42,2,led
R-LEDN-MID2,21k,0402WGF2102TCE.1,,R0402,bottom,110.16,35.47,270.0,109.89,34.7544,110.43,36.1856,2,led
R-LEDN-OE1,0402WGF1002TCE,0402WGF1002TCE.1,,R0402,top,118.67,28.34,-90.0,118.4,27.6244,118.94,29.0556,2,led
R-LEDN-OVLO1,47k,0402WGF4702TCE.1,,R0402,bottom,111.39,35.48,90.0,111.12,34.7644,111.66,36.1956,2,led
R-LEDN-PGTH1,55k,0402WGF5492TCE.1,,R0402,bottom,113.61,32.09,180.0,112.8944,31.82,114.3256,32.36,2,led
R-LEDN-PGTH2,20k,0402WGF2002TCE.1,,R0402,bottom,113.62,31.05,0.0,112.9044,30.78,114.3356,31.32,2,led
R-LEDN-PRS1,0402WGF1002TCE,0402WGF1002TCE.1,,R0402,bottom,44.12,21.74,0.0,43.4044,21.47,44.8356,22.01,2,led
R-LEDN-RST1,100k,0402WGF1003TCE.1,,R0402,bottom,112.62,35.49,90.0,112.35,34.7744,112.89,36.2056,2,led
R-LEDN-TERM1,0402WGF330JTCE,0402WGF330JTCE.1,,R0402,top,122.16,30.57,0.0,121.4444,30.3,122.8756,30.84,2,led
R-LEDN-TERM2,0402WGF330JTCE,0402WGF330JTCE.1,,R0402,top,123.67,27.95,90.0,123.4,27.2344,123.94,28.6656,2,led
R-LEDS-ILIM1,0402WGF1651TCE,0402WGF1651TCE.1,,R0402,bottom,109.58,7.78,90.0,109.31,7.0644,109.85,8.4956,2,led
R-LEDS-MID1,0402WGF1603TCE,0402WGF1603TCE.1,,R0402,bottom,115.18,4.81,0.0,114.4644,4.54,115.8956,5.08,2,led
R-LEDS-MID2,0402WGF2102TCE,0402WGF2102TCE.1,,R0402,bottom,115.18,5.78,180.0,114.4644,5.51,115.8956,6.05,2,led
R-LEDS-OE1,0402WGF1002TCE,0402WGF1002TCE.1,,R0402,top,126.21,11.91,90.0,125.94,11.1944,126.48,12.6256,2,led
R-LEDS-OVLO1,0402WGF4702TCE,0402WGF4702TCE.1,,R0402,bottom,115.3,7.14,0.0,114.5844,6.87,116.0156,7.41,2,led
R-LEDS-PGTH1,0402WGF5492TCE,0402WGF5492TCE.1,,R0402,bottom,112.96,8.75,270.0,112.69,8.0344,113.23,9.4656,2,led
R-LEDS-PGTH2,0402WGF2002TCE,0402WGF2002TCE.1,,R0402,bottom,114.13,9.93,90.0,113.86,9.2144,114.4,10.6456,2,led
R-LEDS-RST1,0402WGF1003TCE,0402WGF1003TCE.1,,R0402,bottom,112.95,6.2,270.0,112.68,5.4844,113.22,6.9156,2,led
R-LEDS-TERM1,0402WGF330JTCE,0402WGF330JTCE.1,,R0402,top,123.21,10.08,0.0,122.4944,9.81,123.9256,10.35,2,led
R-LEDS-TERM2,0402WGF330JTCE,0402WGF330JTCE.1,,R0402,top,121.11,10.7,270.0,120.84,9.9844,121.38,11.4156,2,led
R-PWR-FB1,0402WGF1542TCE,0402WGF1542TCE.1,,R0402,bottom,32.83,23.6596,0.0,32.1144,23.3896,33.5456,23.9296,2,power
R-PWR-FB2,0402WGF4871TCE,0402WGF4871TCE.1,,R0402,bottom,32.83,22.44,180.0,32.1144,22.17,33.5456,22.71,2,power
R-PWR-I2C1,0402WGF4701TCE,0402WGF4701TCE.1,,R0402,bottom,46.01,25.04,270.0,45.74,24.3244,46.28,25.7556,2,power
R-PWR-I2C2,0402WGF4701TCE,0402WGF4701TCE.1,,R0402,bottom,47.17,25.04,270.0,46.9,24.3244,47.44,25.7556,2,power
R-PWR-ILIM1,0402WGF1101TCE,0402WGF1101TCE.1,,R0402,bottom,19.0304,22.6494,0.0,18.3148,22.3794,19.746,22.9194,2,power
R-PWR-ILIM2,RC0402FR-07825RL,RC0402FR-07825RL.1,,R0402,bottom,23.25,31.15,0.0,22.5344,30.88,23.9656,31.42,2,power
R-PWR-IRQ1,0402WGF1002TCE,0402WGF1002TCE.1,,R0402,top,30.59,27.3,0.0,29.8744,27.03,31.3056,27.57,2,power
R-PWR-OVLO1,0402WGF2102TCE,0402WGF2102TCE.1,,R0402,bottom,14.75,23.76,180.0,14.0344,23.49,15.4656,24.03,2,power
R-PWR-OVLO2,0402WGF4702TCE,0402WGF4702TCE.1,,R0402,bottom,14.31,22.08,270.0,14.04,21.3644,14.58,22.7956,2,power
R-PWR-OVLO3,0402WGF2102TCE,0402WGF2102TCE.1,,R0402,bottom,20.9,32.99,0.0,20.1844,32.72,21.6156,33.26,2,power
R-PWR-OVLO4,0402WGF4702TCE,0402WGF4702TCE.1,,R0402,bottom,20.9,34.31,180.0,20.1844,34.04,21.6156,34.58,2,power
R-PWR-PG1,0402WGF1002TCE,0402WGF1002TCE.1,,R0402,bottom,16.24,22.57,0.0,15.5244,22.3,16.9556,22.84,2,power
R-PWR-PG2,0402WGF1002TCE,0402WGF1002TCE.1,,R0402,top,36.02,18.03,90.0,35.75,17.3144,36.29,18.7456,2,power
R-PWR-PG3,10k,0402WGF1002TCE.1,,R0402,bottom,107.74,33.38,90.0,107.47,32.6644,108.01,34.0956,2,power
R-PWR-PG4,0402WGF1002TCE,0402WGF1002TCE.1,,R0402,bottom,115.29,8.35,180.0,114.5744,8.08,116.0056,8.62,2,power
R-PWR-PGTH1,0402WGF5492TCE,0402WGF5492TCE.1,,R0402,bottom,17.11,20.17,180.0,16.3944,19.9,17.8256,20.44,2,power
R-PWR-PGTH2,0402WGF2002TCE,0402WGF2002TCE.1,,R0402,bottom,16.23,21.38,180.0,15.5144,21.11,16.9456,21.65,2,power
R-PWR-PGTH3,0402WGF5492TCE,0402WGF5492TCE.1,,R0402,bottom,21.26,29.97,180.0,20.5444,29.7,21.9756,30.24,2,power
R-PWR-PGTH4,0402WGF2002TCE,0402WGF2002TCE.1,,R0402,bottom,19.14,29.97,180.0,18.4244,29.7,19.8556,30.24,2,power
R-PWR-RST1,0402WGF0000TCE,0402WGF0000TCE.1,,R0402,top,31.35,23.48,0.0,30.6344,23.21,32.0656,23.75,2,power
R-PWR-SCNF1,0402WGF0000TCE,0402WGF0000TCE.1,,R0402,top,31.34,24.72,180.0,30.6244,24.45,32.0556,24.99,2,power
R-PWR-UVLO1,0402WGF1603TCE,0402WGF1603TCE.1,,R0402,bottom,16.7,24.2,-90.0,16.43,23.4844,16.97,24.9156,2,power
R-PWR-UVLO2,0402WGF1603TCE,0402WGF1603TCE.1,,R0402,bottom,20.9,31.67,180.0,20.1844,31.4,21.6156,31.94,2,power
R-RT-BOT1,={Value},,,R0201,bottom,105.48,17.21,0.0,105.0869,17.048,105.8731,17.372,2,rt-core
R-RT-BOT2,={Value},,,R0201,bottom,104.39,14.59,90.0,104.228,14.1969,104.552,14.9831,2,rt-core
R-RT-DCD1,={Value},,,R0201,bottom,101.99,23.36,90.0,101.828,22.9669,102.152,23.7531,2,rt-core
R-RT-I2C1,={Value},,,R0201,bottom,104.35,9.61,90.0,104.188,9.2169,104.512,10.0031,2,rt-core
R-RT-I2C2,={Value},0201WMF4701TCE.1,,R0201,bottom,102.59,9.71,0.0,102.1969,9.548,102.9831,9.872,2,rt-core
R-RT-I2C3,={Value},,,R0201,bottom,101.75,17.23,0.0,101.3569,17.068,102.1431,17.392,2,rt-core
R-RT-I2C4,={Value},,,R0201,bottom,103.04,17.22,180.0,102.6469,17.058,103.4331,17.382,2,rt-core
R-RT-IRQ1,={Value},,,R0201,bottom,105.21,12.6,90.0,105.048,12.2069,105.372,12.9931,2,rt-core
R-RT-PRM1,={Value},,,R0201,bottom,107.59,19.39,270.0,107.428,18.9969,107.752,19.7831,2,rt-core
R-RT-PRM2,={Value},,,R0201,bottom,108.39,19.87,90.0,108.228,19.4769,108.552,20.2631,2,rt-core
R-RT-QSPI1,={Value},,,R0201,bottom,98.55,22.82,0.0,98.1569,22.658,98.9431,22.982,2,rt-core
R-RT-QSPI2,={Value},,,R0201,bottom,98.55,22.02,0.0,98.1569,21.858,98.9431,22.182,2,rt-core
R-RT-RST1,={Value},,,R0201,bottom,94.53,17.38,90.0,94.368,16.9869,94.692,17.7731,2,rt-core
R-RT-RST2,={Value},,,R0201,bottom,104.25,11.81,0.0,103.8569,11.648,104.6431,11.972,2,rt-core
R-RT-USB1,={Value},,,R0201,bottom,97.13,21.47,270.0,96.968,21.0769,97.292,21.8631,2,rt-core
R-S3-BOT1,0402WGF1002TCE,0402WGF1002TCE.1,,R0402,top,56.37,25.07,180.0,55.6544,24.8,57.0856,25.34,2,s3-core
R-S3-IRQ1,0402WGF1002TCE,0402WGF1002TCE.1,,R0402,bottom,48.17,23.32,180.0,47.4544,23.05,48.8856,23.59,2,s3-core
R-S3-IRQ2,0402WGF1002TCE,0402WGF1002TCE.1,,R0402,top,38.26,29.97,0.0,37.5444,29.7,38.9756,30.24,2,s3-core
R-S3-RST1,0402WGF1002TCE,0402WGF1002TCE.1,,R0402,top,79.72,10.5,270.0,79.45,9.7844,79.99,11.2156,2,s3-core
R-SVC-PRS1,CPF0402B100KE1,CPF0402B100KE1.1,,R0402,top,18.9452,31.11,90.0,18.6752,30.3944,19.2152,31.8256,2,debug-service
R-SVC-TMP1,0402WGF4701TCE,0402WGF4701TCE.1,,R0402,top,38.26,26.46,0.0,37.5444,26.19,38.9756,26.73,2,debug-service
R-USB-BIAS1,0402WGF1202TCE,0402WGF1202TCE.1,,R0402,bottom,79.95,25.02,90.0,79.68,24.3044,80.22,25.7356,2,usb
R-USB-BLK1,100k,0402WGF1003TCE.1,,R0402,top,87.56,23.95,270.0,87.29,23.2344,87.83,24.6656,2,usb
R-USB-BLK2,100k,0402WGF1003TCE.1,,R0402,top,86.34,24.18,90.0,86.07,23.4644,86.61,24.8956,2,usb
R-USB-CC1,CRCW0402887KFKED,CRCW0402887KFKED.1,,R0402,top,15.7,13.45,90.0,15.43,12.7344,15.97,14.1656,2,usb
R-USB-CC2,0402WGF2003TCE,0402WGF2003TCE.1,,R0402,top,18.8,15.2,180.0,18.0844,14.93,19.5156,15.47,2,usb
R-USB-CC3,0402WGF2003TCE,0402WGF2003TCE.1,,R0402,top,18.8,16.55,180.0,18.0844,16.28,19.5156,16.82,2,usb
R-USB-CC4,0402WGF2003TCE,0402WGF2003TCE.1,,R0402,top,17.05,13.45,90.0,16.78,12.7344,17.32,14.1656,2,usb
R-USB-CC5,0402WGF2003TCE,0402WGF2003TCE.1,,R0402,top,18.8,17.9,180.0,18.0844,17.63,19.5156,18.17,2,usb
R-USB-NREM1,47k,0402WGF4702TCE.1,,R0402,top,85.11,20.68,90.0,84.84,19.9644,85.38,21.3956,2,usb
R-USB-NREM2,47k,0402WGF4702TCE.1,,R0402,top,85.12,24.41,90.0,84.85,23.6944,85.39,25.1256,2,usb
R-USB-RST1,10k,0402WGF1002TCE.1,,R0402,top,87.56,21.79,90.0,87.29,21.0744,87.83,22.5056,2,usb
RT-BTN1,1TS036A-2500-1700A7-CT,1TS036A-2500-1700A7-CT.1,,SW-SMD_1TS036A-2500-1700A7-CT,top,95.15,1.76,0.0,92.35,0.5475,97.95,3.2475,5,rt-core
RT-BTN2,1TS036A-2500-1700A7-CT,1TS036A-2500-1700A7-CT.1,,SW-SMD_1TS036A-2500-1700A7-CT,top,105.66,1.76,0.0,102.86,0.5475,108.46,3.2475,5,rt-core
RT-MCU1,MIMXRT1062DVJ6B,MIMXRT1062DVJ6B.1,,LFBGA-196_L12.0-W12.0-R14-C14-P0.80-BL,top,103.99,20.02,180.0,98.5901,14.6201,109.3899,25.4199,196,rt-core
RT-QSPI1,W25Q128JVS,W25Q128JVSIQ TR.1,,SOIC-8_L4.9-W3.9-P1.27-LS6.0-BL,bottom,97.4,28.68,90.0,93.9001,26.481,100.8999,30.879,8,rt-core
RT-XTAL1,={Value},X322524MSB4SI.1,,CRYSTAL-SMD_4P-L3.2-W2.5-BL,top,92.03,16.29,90.0,90.58,14.4899,93.48,18.0901,4,rt-core
S3-BTN1,1TS036A-2500-1700A7-CT,1TS036A-2500-1700A7-CT.1,,SW-SMD_1TS036A-2500-1700A7-CT,top,86.73,1.82,0.0,83.93,0.6075,89.53,3.3075,5,s3-core
S3-BTN2,1TS036A-2500-1700A7-CT,1TS036A-2500-1700A7-CT.1,,SW-SMD_1TS036A-2500-1700A7-CT,top,61.7,38.3,180.0,58.9,36.8125,64.5,39.5125,5,s3-core
S3-MCU1,ESP32-S3-WROOM-1-N16R8,ESP32-S3-WROOM-1(N16R8).1,,WIRELM-SMD_ESP32-S3-WROOM-1,top,67.28,16.39,180.0,57.78,7.045,76.78,25.735,49,s3-core
SVC-ACCL1,LIS2DH12TR,LIS2DH12TR.1,,LGA-12_L2.0-W2.0-P0.50-BL,top,103.51,11.52,0.0,102.385,10.395,104.635,12.645,12,debug-service
SVC-ADC1,ADS7138IRTER,ADS7138IRTER.1,,WQFN-16_L3.0-W3.0-P0.50-TL-EP1.7,top,46.06,22.573,0.0,44.42,20.933,47.7,24.213,17,debug-service
SVC-INA1,INA226AIDGSR,INA226AIDGSR.1,,MSOP-10_L3.0-W3.0-P0.50-LS5.0-BL,top,31.17,31.03,0.0,30.03,28.11,32.31,33.95,10,debug-service
SVC-TEMP1,TMP1826DGKR,TMP1826DGKR.1,,VSSOP-8_L3.0-W3.0-P0.65-LS5.0-BL,top,40.97,28.27,0.0,39.8129,25.3079,42.1271,31.2321,8,debug-service
U33,={Manufacturer Part},,,SCREW-SMD_BD4.5-D3.3-H2.6,bottom,5.0,5.0,180.0,2.6,2.6001,7.4,7.4001,2,other
U34,={Manufacturer Part},,,SCREW-SMD_BD4.5-D3.3-H2.6,bottom,169.96,34.87,180.0,167.56,32.4701,172.36,37.2701,2,other
U35,={Manufacturer Part},,,SCREW-SMD_BD4.5-D3.3-H2.6,bottom,169.7,4.62,180.0,167.3,2.2201,172.1,7.0201,2,other
U7,={Manufacturer Part},,,SCREW-SMD_BD4.5-D3.3-H2.6,bottom,5.85,34.17,180.0,3.45,31.7701,8.25,36.5701,2,other
USB-C1,GT-USB-7005A,GT-USB-7005A.1,,USB-C-SMD_GT-USB-7005A,top,9.25,20.0,-90.0,5.1499,13.425,13.1501,26.575,30,usb
USB-CC1,TUSB320LAIRWBR,TUSB320LAIRWBR.1,,X2QFN-12_L1.6-W1.6-P0.40-TL,top,16.3,16.0,0.0,15.4475,15.15,17.1524,16.85,12,usb
USB-HUB1,USB2422T-I/MJ,USB2422T-I/MJ.1,,QFN-24_L4.0-W4.0-P0.50-TL-EP2.5,top,81.74,22.52,0.0,79.34,20.12,84.14,24.92,25,usb
USB-XTAL1,X322524MSB4SI,X322524MSB4SI.1,,CRYSTAL-SMD_4P-L3.2-W2.5-BL,top,83.04,29.8,0.0,81.2399,28.35,84.8401,31.25,4,usb
