name,pad_count_explicit,component_count_explicit,via_count,track_count,sch_wire_labels,xmin_mm,ymin_mm,xmax_mm,ymax_mm,span_x_mm,span_y_mm,electrical_class,routing_state,power_signal_ground,in_pcb_net_table
,0,0,0,0,0,,,,,,,gpio,empty,signal,True
$1N2406,0,0,0,0,0,,,,,,,unnamed_auto,named_only,signal,True
$1N2407,0,0,0,0,0,,,,,,,unnamed_auto,named_only,signal,True
$1N2408,0,0,0,0,0,,,,,,,unnamed_auto,named_only,signal,True
$1N2409,0,0,0,0,0,,,,,,,unnamed_auto,named_only,signal,True
$1N2410,0,0,0,0,0,,,,,,,unnamed_auto,named_only,signal,True
$1N3499,0,0,0,0,0,,,,,,,unnamed_auto,named_only,signal,True
$1N3504,0,0,0,0,0,,,,,,,unnamed_auto,named_only,signal,True
$1N3523,0,0,0,0,0,,,,,,,unnamed_auto,named_only,signal,True
$1N3525,0,0,0,0,0,,,,,,,unnamed_auto,named_only,signal,True
$1N3527,0,0,0,0,0,,,,,,,unnamed_auto,named_only,signal,True
$1N3528,0,0,0,0,0,,,,,,,unnamed_auto,named_only,signal,True
$1N3529,0,0,0,0,0,,,,,,,unnamed_auto,named_only,signal,True
$1N3530,0,0,0,0,0,,,,,,,unnamed_auto,named_only,signal,True
$1N3531,0,0,0,0,0,,,,,,,unnamed_auto,named_only,signal,True
$1N3532,0,0,0,0,0,,,,,,,unnamed_auto,named_only,signal,True
$1N3533,0,0,0,0,0,,,,,,,unnamed_auto,named_only,signal,True
$1N3534,0,0,0,0,0,,,,,,,unnamed_auto,named_only,signal,True
$1N3535,0,0,0,0,0,,,,,,,unnamed_auto,named_only,signal,True
$1N3536,0,0,0,0,0,,,,,,,unnamed_auto,named_only,signal,True
$1N3583,2,2,0,0,0,165.3599,28.66,166.36,37.52,1.0001,8.86,ws2812_data,named_only,signal,True
$1N3585,2,2,0,0,0,165.56,17.7,166.42,27.86,0.86,10.16,ws2812_data,named_only,signal,True
+3V3,111,91,14,9,114,15.7,1.44,166.7728,34.15,151.0728,32.71,low_current_power,has_copper,power,True
+5V_BENCH_IN,3,3,3,4,4,16.07,30.8287,21.3551,35.65,5.2851,4.8213,high_current_power,has_copper,power,True
+5V_LED,8,8,7,11,8,31.17,4.81,114.7472,37.15,83.5772,32.34,high_current_power,has_copper,power,True
+5V_LED_N,11,8,3,13,11,113.7649,28.4701,127.6601,34.4801,13.8952,6.01,high_current_power,has_copper,power,True
+5V_LED_S,11,8,3,14,11,111.8851,5.8,129.212,11.72,17.3269,5.92,high_current_power,has_copper,power,True
+5V_SYS,20,20,4,15,20,16.9201,16.9999,166.16,37.5201,149.2399,20.5202,high_current_power,has_copper,power,True
3V3_PG,4,4,1,1,4,24.44,5.9901,45.3101,21.1504,20.8701,15.1603,gpio,has_copper,signal,True
ADS_ALERT,3,3,1,0,2,47.56,23.32,62.835,25.285,15.275,1.965,gpio,has_copper,signal,True
ADS_DECAP,2,2,1,0,2,46.8099,21.0701,46.81,21.073,0.0001,0.0029,local_rt_power,has_copper,power,True
AUDIO_ADC_SCL,3,3,1,0,3,102.7901,17.2199,139.4984,20.5419,36.7083,3.322,audio_clock_data,has_copper,signal,True
AUDIO_ADC_SDA,3,3,1,0,3,101.99,17.2199,139.9985,20.5419,38.0085,3.322,audio_clock_data,has_copper,signal,True
AUX_L_N,2,2,0,2,2,138.0372,14.7704,139.4984,17.642,1.4612,2.8716,analogue_audio,has_copper,signal,True
AUX_L_P,2,2,0,1,2,137.1428,16.35,138.9985,17.6417,1.8557,1.2917,analogue_audio,has_copper,signal,True
AUX_RING,3,3,0,3,3,142.115,8.9083,144.57,12.68,2.455,3.7717,analogue_audio,has_copper,signal,True
AUX_RING_SW,3,3,1,1,3,109.1899,6.7082,135.1652,15.62,25.9753,8.9118,analogue_audio,has_copper,signal,True
AUX_R_N,2,2,0,1,2,140.4984,16.36,142.5372,17.642,2.0388,1.282,analogue_audio,has_copper,signal,True
AUX_R_P,2,2,0,2,2,139.9985,13.5456,143.14,17.642,3.1415,4.0964,analogue_audio,has_copper,signal,True
AUX_TIP,3,3,0,3,3,136.2772,3.4083,142.1402,16.35,5.863,12.9417,analogue_audio,has_copper,signal,True
AUX_TIP_SW,3,3,1,1,3,105.1899,11.2081,135.1652,14.8201,29.9753,3.612,analogue_audio,has_copper,signal,True
B1,0,0,0,0,0,,,,,,,gpio,named_only,signal,True
B10,0,0,0,0,0,,,,,,,gpio,named_only,signal,True
B11,0,0,0,0,0,,,,,,,gpio,named_only,signal,True
B12,0,0,0,0,0,,,,,,,gpio,named_only,signal,True
B2,0,0,0,0,0,,,,,,,gpio,named_only,signal,True
B3,0,0,0,0,0,,,,,,,gpio,named_only,signal,True
B8,0,0,0,0,0,,,,,,,gpio,named_only,signal,True
BENCH_DVDT,2,2,1,0,2,22.5049,29.9288,22.8399,30.0824,0.335,0.1536,gpio,has_copper,signal,True
BENCH_ILM,2,2,1,0,2,22.495,31.05,22.8172,31.15,0.3222,0.1,gpio,has_copper,signal,True
BENCH_ITMR,2,2,1,1,2,22.5049,31.7286,22.7699,32.33,0.265,0.6014,gpio,has_copper,signal,True
BENCH_OVLO,3,3,0,1,3,20.685,31.0537,21.3328,34.31,0.6478,3.2563,gpio,has_copper,signal,True
BENCH_PGTH,3,3,1,1,3,19.5728,29.9288,20.8272,30.0524,1.2544,0.1236,gpio,has_copper,signal,True
BENCH_PRESENT,5,5,1,10,5,18.9452,10.2701,44.56,30.6772,25.6148,20.4071,gpio,has_copper,signal,True
BENCH_UVLO,3,3,1,1,3,20.4672,31.5726,20.6751,32.99,0.2079,1.4174,gpio,has_copper,signal,True
BOOT_MODE0,2,2,0,0,2,105.1899,17.21,105.2384,17.2199,0.0485,0.0099,gpio,named_only,signal,True
BOOT_MODE1,4,3,1,0,4,104.39,2.6225,106.9099,14.8316,2.5199,12.2091,gpio,has_copper,signal,True
BTN1,3,3,0,1,2,109.1899,9.37,153.3925,16.4201,44.2026,7.0501,gpio,has_copper,signal,True
BTN2,3,3,0,1,2,107.5899,20.34,153.3925,24.42,45.8026,4.08,gpio,has_copper,signal,True
BTN3,3,3,0,1,2,104.3901,25.2199,153.4325,35.1,49.0424,9.8801,gpio,has_copper,signal,True
BTN4,3,3,0,0,2,108.39,24.42,165.9072,35.1,57.5172,10.68,gpio,named_only,signal,True
BTN5,3,3,0,1,2,108.39,20.32,164.6925,24.1437,56.3025,3.8237,gpio,has_copper,signal,True
BTN6,3,3,0,1,2,107.5899,9.39,164.6925,25.2199,57.1026,15.8299,gpio,has_copper,signal,True
CC1,2,2,2,3,2,11.8601,16.1999,15.5499,20.7499,3.6898,4.55,gpio,has_copper,signal,True
CC2,2,2,1,6,2,8.82,14.7459,15.5499,19.1,6.7299,4.3541,gpio,has_copper,signal,True
DCDC_LP,3,2,0,1,3,93.06,24.42,100.3901,25.9,7.3301,1.48,gpio,has_copper,signal,True
DCDC_PSWITCH,3,3,1,1,3,101.99,23.6016,102.99,23.7699,1.0,0.1683,gpio,has_copper,signal,True
ENC1_A,3,3,0,1,2,109.1899,5.9064,155.04,17.2199,45.8501,11.3135,encoder_gpio,has_copper,signal,True
ENC1_B,3,3,0,1,2,109.1899,2.9328,155.06,18.02,45.8701,15.0872,encoder_gpio,has_copper,signal,True
ENC1_SW,3,3,0,1,2,109.1899,4.7065,147.325,18.8201,38.1351,14.1136,encoder_gpio,has_copper,signal,True
ENC2_A,3,3,0,1,2,105.1899,2.9328,158.5302,24.42,53.3403,21.4872,encoder_gpio,has_copper,signal,True
ENC2_B,3,3,0,1,2,109.1899,5.9064,158.5302,19.6199,49.3403,13.7135,encoder_gpio,has_copper,signal,True
ENC2_SW,3,3,0,1,2,109.1899,4.7065,165.854,20.42,56.6641,15.7135,encoder_gpio,has_copper,signal,True
EXP_ADC,0,0,0,0,1,,,,,,,expansion,named_only,signal,True
EXP_GPIO0,0,0,0,0,1,,,,,,,expansion,named_only,signal,True
EXP_GPIO1,0,0,0,0,1,,,,,,,expansion,named_only,signal,True
EXP_GPIO2,0,0,0,0,1,,,,,,,expansion,named_only,signal,True
EXP_I2C_SCL,0,0,0,0,1,,,,,,,i2c,named_only,signal,True
EXP_I2C_SDA,0,0,0,0,1,,,,,,,i2c,named_only,signal,True
EXP_IRQ,0,0,0,0,1,,,,,,,expansion,named_only,signal,True
EXP_PWM,0,0,0,0,1,,,,,,,expansion,named_only,signal,True
EXP_SPI_CS,0,0,0,0,1,,,,,,,expansion,named_only,signal,True
EXP_SPI_MISO,0,0,0,0,1,,,,,,,expansion,named_only,signal,True
EXP_SPI_MOSI,0,0,0,0,1,,,,,,,expansion,named_only,signal,True
EXP_SPI_SCK,0,0,0,0,1,,,,,,,expansion,named_only,signal,True
EXP_UART_RX,0,0,0,0,1,,,,,,,expansion,named_only,signal,True
EXP_UART_TX,0,0,0,0,1,,,,,,,expansion,named_only,signal,True
FLEXSPI_A_DATA0,2,2,0,0,2,94.8001,23.6199,98.7901,30.585,3.99,6.9651,flexspi,named_only,signal,True
FLEXSPI_A_DATA1,2,2,0,0,2,99.59,22.8201,99.9999,28.045,0.4099,5.2249,flexspi,named_only,signal,True
FLEXSPI_A_DATA2,3,3,0,0,3,98.7901,22.82,99.9999,29.315,1.2098,6.495,flexspi,named_only,signal,True
FLEXSPI_A_DATA3,3,3,1,0,3,94.8001,22.02,98.7916,28.045,3.9915,6.025,flexspi,has_copper,signal,True
FLEXSPI_A_SCLK,2,2,0,0,2,94.8001,22.8201,101.1899,29.315,6.3898,6.4949,flexspi,named_only,signal,True
FLEXSPI_A_SS0_B,2,2,0,0,2,99.9999,23.6199,101.1899,26.775,1.19,3.1551,flexspi,named_only,signal,True
FW_PERMIT_N,3,3,1,0,3,107.5899,19.6184,110.21,28.7499,2.6201,9.1315,gpio,has_copper,signal,True
FW_PERMIT_S,3,3,1,0,3,108.39,4.0101,119.0499,19.6284,10.6599,15.6183,gpio,has_copper,signal,True
G,0,0,0,0,0,,,,,,,gpio,named_only,signal,True
GND,250,164,90,3,239,6.1499,0.8975,166.42,39.1625,160.2701,38.265,return,has_copper,ground,True
HMI_RGB_D12,2,2,0,0,2,155.1101,17.8,155.2001,28.04,0.09,10.24,ws2812_data,named_only,signal,True
HMI_RGB_D23,2,2,0,0,2,154.3099,28.84,155.0601,36.42,0.7502,7.58,ws2812_data,named_only,signal,True
HMI_RGB_D34,2,2,0,0,2,154.2599,36.72,166.1601,37.22,11.9002,0.5,ws2812_data,named_only,signal,True
HMI_RGB_D45,0,0,0,0,0,,,,,,,ws2812_data,named_only,signal,True
HMI_RGB_DAT,2,2,0,0,2,109.1899,17.0,154.3999,22.8201,45.21,5.8201,ws2812_data,named_only,signal,True
INA_ALERT,3,3,1,1,3,31.0228,20.195,76.03,28.92,45.0072,8.725,gpio,has_copper,signal,True
INA_VINN,2,2,0,3,2,30.6701,33.14,33.9,37.75,3.2299,4.61,gpio,has_copper,signal,True
INA_VINP,2,2,0,1,2,28.52,33.14,30.17,35.35,1.65,2.21,gpio,has_copper,signal,True
JTAG_TRSTB,2,2,0,0,2,104.39,11.81,104.4916,18.02,0.1016,6.21,debug,named_only,signal,True
K1BR_PCS0,2,2,0,0,2,76.03,11.305,106.7901,20.42,30.7601,9.115,k1br,named_only,signal,True
K1BR_SCK,2,2,0,0,2,76.03,12.575,106.7901,19.6199,30.7601,7.0449,k1br,named_only,signal,True
K1BR_SIN,2,2,0,0,2,76.03,15.115,105.99,20.42,29.96,5.305,k1br,named_only,signal,True
K1BR_SOUT,2,2,0,0,2,76.03,13.845,105.99,19.6199,29.96,5.7749,k1br,named_only,signal,True
LED_N_A,2,2,0,0,2,109.1899,24.42,121.43,26.9699,12.2401,2.5499,gpio,named_only,signal,True
LED_N_B,2,2,0,0,2,106.7901,25.2199,126.63,26.2699,19.8399,1.05,gpio,named_only,signal,True
LED_N_EN,4,4,3,3,4,109.26,31.3501,119.08,36.1801,9.82,4.83,gpio,has_copper,signal,True
LED_PERMIT,4,4,1,0,4,25.56,4.9601,119.0499,28.7499,93.4899,23.7898,gpio,has_copper,signal,True
LED_S_A,2,2,1,0,2,108.39,13.6201,123.74,14.8201,15.35,1.2,gpio,has_copper,signal,True
LED_S_B,2,2,1,0,2,107.5899,13.3501,118.52,14.8201,10.9301,1.47,gpio,has_copper,signal,True
LED_S_EN,4,4,1,0,4,112.95,3.0601,121.6501,7.7001,8.7001,4.64,gpio,has_copper,signal,True
LPUART1_RX,1,1,1,0,2,101.1899,14.8201,101.1899,14.8201,0.0,0.0,gpio,has_copper,signal,True
LPUART1_TX,1,1,1,0,2,101.99,14.8201,101.99,14.8201,0.0,0.0,gpio,has_copper,signal,True
MIC_PRESENT,3,3,1,1,3,45.8099,21.073,138.7472,34.15,92.9373,13.077,audio_clock_data,has_copper,signal,True
MOTION_SCL,3,3,0,0,3,101.99,9.71,102.8316,18.02,0.8416,8.31,i2c,named_only,signal,True
MOTION_SDA,3,3,0,0,3,102.7901,9.8516,104.35,16.4201,1.5599,6.5685,i2c,named_only,signal,True
NOT_OUT1,2,2,0,3,2,17.36,5.0,21.28,7.6699,3.92,2.6699,gpio,has_copper,signal,True
NOT_OUT2,2,2,0,1,2,20.33,5.9901,21.46,7.6699,1.13,1.6798,gpio,has_copper,signal,True
NVCC_PLL,2,2,0,0,2,98.7743,18.02,98.7901,18.02,0.0158,0.0,local_rt_power,named_only,power,True
N_DATA_A,2,2,0,1,2,121.7272,29.1701,122.38,30.57,0.6528,1.3999,gpio,has_copper,signal,True
N_DATA_A_T,2,2,0,1,2,122.5928,30.57,122.6601,34.2,0.0673,3.63,gpio,has_copper,signal,True
N_DATA_B,2,2,0,1,2,123.67,27.5172,127.58,28.4701,3.91,0.9529,gpio,has_copper,signal,True
N_DATA_B_T,2,2,0,1,2,123.6601,28.3828,123.67,34.2,0.0099,5.8172,gpio,has_copper,signal,True
N_DVDT,2,2,1,0,2,114.4149,33.1001,114.5899,33.25,0.175,0.1499,gpio,has_copper,signal,True
N_ILM,3,3,2,0,3,45.31,24.073,114.7172,34.23,69.4072,10.157,gpio,has_copper,signal,True
N_ITMR,2,2,1,0,2,114.2459,34.8999,114.4149,35.06,0.169,0.1601,gpio,has_copper,signal,True
N_MID,2,2,0,1,2,110.16,35.9028,110.1972,37.15,0.0372,1.2472,gpio,has_copper,signal,True
N_OE,4,4,1,2,4,118.13,26.2699,125.68,33.5799,7.55,7.31,gpio,has_copper,signal,True
N_OVLO,3,3,1,2,3,110.16,34.225,112.595,35.0472,2.435,0.8222,gpio,has_copper,signal,True
N_PG,3,3,2,5,3,43.605,22.8231,112.6,35.66,68.995,12.8369,gpio,has_copper,signal,True
N_PGTH,3,3,1,2,3,112.5947,31.05,113.1972,33.1001,0.6025,2.0501,gpio,has_copper,signal,True
PDMCLK,3,3,1,4,4,128.7463,17.6048,141.06,36.16,12.3137,18.5552,audio_clock_data,has_copper,signal,True
PDMCLK_SRC,2,2,0,1,2,140.4984,20.5419,141.06,21.8372,0.5616,1.2953,audio_clock_data,has_copper,signal,True
PDMDIN,3,3,1,4,4,128.7463,18.3417,138.2985,34.15,9.5522,15.8083,audio_clock_data,has_copper,signal,True
PDM_SELECT,2,2,0,1,2,129.4463,16.1313,130.7974,17.6048,1.3511,1.4735,audio_clock_data,has_copper,signal,True
RT_MOTION_IRQ,3,3,0,0,3,100.3901,11.2701,105.21,14.8201,4.8199,3.55,gpio,named_only,signal,True
RT_POR_B,5,4,1,0,5,93.9001,2.6225,100.3901,20.4201,6.49,17.7976,debug,has_copper,signal,True
S3_EN,5,4,0,2,1,76.03,2.6825,87.9799,10.0672,11.9499,7.3847,gpio,has_copper,signal,True
S3_EXP_GPIO10,0,0,0,0,1,,,,,,,expansion,named_only,signal,True
S3_EXP_GPIO11,0,0,0,0,1,,,,,,,expansion,named_only,signal,True
S3_EXP_GPIO12,0,0,0,0,1,,,,,,,expansion,named_only,signal,True
S3_EXP_GPIO13,0,0,0,0,1,,,,,,,expansion,named_only,signal,True
S3_EXP_GPIO14,0,0,0,0,1,,,,,,,expansion,named_only,signal,True
S3_IO0,4,3,0,3,1,56.8028,24.005,62.9499,37.6999,6.1471,13.6949,gpio,has_copper,signal,True
S3_U0RXD,1,1,0,0,1,58.53,12.575,58.53,12.575,0.0,0.0,gpio,named_only,signal,True
S3_U0TXD,1,1,0,0,1,58.53,11.305,58.53,11.305,0.0,0.0,gpio,named_only,signal,True
SAI1_RX_BCLK,1,1,0,0,2,102.7901,15.62,102.7901,15.62,0.0,0.0,audio_clock_data,named_only,signal,True
SAI1_RX_DATA0,2,2,0,0,2,103.5899,16.4201,141.2015,18.3417,37.6116,1.9216,audio_clock_data,named_only,signal,True
SAI1_RX_SYNC,1,1,1,0,2,101.1899,15.62,101.1899,15.62,0.0,0.0,audio_clock_data,has_copper,signal,True
SAI1_TX_BCLK,2,2,0,0,2,104.39,16.4201,141.2015,18.8419,36.8115,2.4218,audio_clock_data,named_only,signal,True
SAI1_TX_SYNC,2,2,1,0,2,102.7901,14.8201,141.2015,19.342,38.4114,4.5219,audio_clock_data,has_copper,signal,True
SVC_SCL,4,4,1,3,4,32.17,24.073,71.725,28.92,39.555,4.847,i2c,has_copper,signal,True
SVC_SDA,4,4,1,4,4,31.6701,21.465,76.03,28.92,44.3599,7.455,i2c,has_copper,signal,True
SWCLK,1,1,0,0,2,105.1899,16.4201,105.1899,16.4201,0.0,0.0,debug,named_only,signal,True
SWDIO,1,1,1,0,2,105.99,14.8201,105.99,14.8201,0.0,0.0,debug,has_copper,signal,True
SW_3V3,2,2,0,2,2,29.4699,18.03,33.0,21.1504,3.5301,3.1204,gpio,has_copper,signal,True
S_DATA_A,2,2,0,1,2,122.7772,10.08,122.79,11.4199,0.0128,1.3399,gpio,has_copper,signal,True
S_DATA_A_T,2,2,0,1,2,123.4999,5.8,123.6428,10.08,0.1429,4.28,gpio,has_copper,signal,True
S_DATA_B,2,2,0,1,2,117.57,11.1328,121.11,12.27,3.54,1.1372,gpio,has_copper,signal,True
S_DATA_B_T,2,2,0,2,2,121.11,5.8,122.4999,10.2672,1.3899,4.4672,gpio,has_copper,signal,True
S_DVDT,2,2,1,0,2,111.2351,8.2463,111.35,8.3699,0.1149,0.1236,gpio,has_copper,signal,True
S_ILM,3,3,2,4,3,44.54,7.17,111.247,24.75,66.707,17.58,gpio,has_copper,signal,True
S_ITMR,2,2,1,0,2,111.2351,6.37,111.4081,6.5701,0.173,0.2001,gpio,has_copper,signal,True
S_MID,2,2,0,1,2,115.6128,4.81,115.6128,5.78,0.0,0.97,gpio,has_copper,signal,True
S_OE,4,4,0,2,4,119.47,6.7501,126.21,13.6201,6.74,6.87,gpio,has_copper,signal,True
S_OVLO,3,3,1,3,3,113.055,5.78,114.8672,7.245,1.8122,1.465,gpio,has_copper,signal,True
S_PG,3,3,3,7,3,42.45,4.94,114.8572,22.3229,72.4072,17.3829,gpio,has_copper,signal,True
S_PGTH,3,3,1,1,3,112.95,8.2463,114.13,9.4972,1.18,1.2509,gpio,has_copper,signal,True
TLV_AREG,3,3,0,4,3,136.08,19.342,138.2985,22.32,2.2185,2.978,gpio,has_copper,signal,True
TLV_DREG,3,3,0,3,3,138.18,20.5419,139.83,22.32,1.65,1.7781,gpio,has_copper,signal,True
TLV_VREF,2,2,0,1,2,136.4901,18.8419,138.2985,19.28,1.8084,0.4381,gpio,has_copper,signal,True
TMP_ALERT,3,3,0,1,2,38.6928,25.285,64.105,30.4011,25.4122,5.1161,gpio,has_copper,signal,True
TMP_SDQ,2,2,0,3,2,38.6928,24.6164,40.6851,26.46,1.9923,1.8436,gpio,has_copper,signal,True
TPS62913_EN,2,2,0,1,2,31.7828,21.6502,32.825,23.48,1.0422,1.8298,gpio,has_copper,signal,True
TPS62913_FB,4,4,1,2,4,33.2628,22.3498,33.4502,24.88,0.1874,2.5302,gpio,has_copper,signal,True
TPS62913_NRSS,2,2,1,1,2,33.9499,22.3498,34.4199,22.42,0.47,0.0702,gpio,has_copper,signal,True
TPS62913_SCONF,2,2,0,2,2,31.7728,22.3498,32.9499,24.72,1.1771,2.3702,gpio,has_copper,signal,True
TUSB_CLASS_OUT1_N,3,3,0,2,3,17.05,10.2701,18.3672,15.8001,1.3172,5.53,gpio,has_copper,signal,True
TUSB_ID,2,2,0,1,2,16.8999,16.75,18.3672,17.9,1.4673,1.15,gpio,has_copper,signal,True
TUSB_OUT2,4,4,2,2,4,17.05,10.2701,104.39,16.55,87.34,6.2799,gpio,has_copper,signal,True
TUSB_OUT3,3,3,0,1,3,16.8999,13.8828,61.565,25.285,44.6651,11.4022,gpio,has_copper,signal,True
TUSB_VBUS_DET,2,2,0,1,2,15.7,13.8828,16.1001,15.25,0.4001,1.3672,gpio,has_copper,signal,True
USB2422_CRFILT,2,2,0,1,2,81.9899,18.61,82.2,20.52,0.2101,1.91,gpio,has_copper,signal,True
USB2422_NON_REM0,2,2,0,2,2,83.74,23.2701,85.12,23.9772,1.38,0.7071,gpio,has_copper,signal,True
USB2422_NON_REM1,2,2,0,1,2,83.74,21.1128,85.11,21.2701,1.37,0.1573,gpio,has_copper,signal,True
USB2422_PLLFILT,2,2,1,1,2,80.9899,24.52,81.29,24.5499,0.3001,0.0299,gpio,has_copper,signal,True
USB2422_RBIAS,2,2,1,1,2,79.95,24.52,80.4901,24.5872,0.5401,0.0672,gpio,has_copper,signal,True
USB2422_RESET_N,3,3,0,2,3,83.74,22.1397,87.56,22.2701,3.82,0.1304,debug,has_copper,signal,True
USB2422_VBUS_DET,3,3,0,3,3,83.74,22.7699,87.56,23.7472,3.82,0.9773,gpio,has_copper,signal,True
USB2422_XTALIN,3,3,0,4,3,80.07,24.52,81.9399,28.95,1.8699,4.43,clock_crystal,has_copper,signal,True
USB2422_XTALOUT,3,3,0,5,3,81.9899,24.52,84.6201,32.27,2.6302,7.75,clock_crystal,has_copper,signal,True
USB_3A_OK,2,2,0,1,2,19.38,3.3899,25.39,5.9901,6.01,2.6002,gpio,has_copper,signal,True
USB_DN1_DM,2,2,1,0,3,79.74,19.62,100.3901,23.2701,20.6501,3.6501,usb2_hs_diff,has_copper,signal,True
USB_DN1_DP,2,2,1,0,3,79.74,19.62,101.1899,22.7699,21.4499,3.1499,usb2_hs_diff,has_copper,signal,True
USB_DN2_DM,2,2,2,1,3,76.03,22.2701,79.74,22.7351,3.71,0.465,usb2_hs_diff,has_copper,signal,True
USB_DN2_DP,2,2,1,3,3,76.03,21.7699,79.74,24.0051,3.71,2.2352,usb2_hs_diff,has_copper,signal,True
USB_EFUSE_DVDT,2,2,1,0,2,18.2959,21.41,18.4549,21.7101,0.159,0.3001,gpio,has_copper,signal,True
USB_EFUSE_ILM,2,2,1,0,2,18.43,22.6494,18.5976,22.851,0.1676,0.2016,gpio,has_copper,signal,True
USB_EFUSE_ITMR,2,2,1,0,2,18.3,23.5099,18.4549,23.83,0.1549,0.3201,gpio,has_copper,signal,True
USB_EFUSE_OVLO,3,3,0,1,3,14.31,22.5128,16.635,23.76,2.325,1.2472,gpio,has_copper,signal,True
USB_EFUSE_PG,3,3,3,5,3,15.19,18.75,45.81,24.073,30.62,5.323,gpio,has_copper,signal,True
USB_EFUSE_PGTH,3,3,1,2,3,16.6347,20.17,16.82,21.7101,0.1853,1.5401,gpio,has_copper,signal,True
USB_EFUSE_UVLO,3,3,1,2,3,15.1828,23.5099,16.81,23.7672,1.6272,0.2573,gpio,has_copper,signal,True
USB_LED_PERMIT,2,2,0,0,2,23.49,3.3899,27.46,10.2701,3.97,6.8802,gpio,named_only,signal,True
USB_OTG1_VBUS,3,3,1,0,3,97.13,21.2157,99.59,21.2284,2.46,0.0127,gpio,has_copper,signal,True
USB_UP_DM,3,2,1,0,3,10.7999,19.7499,82.9899,24.52,72.19,4.7701,usb2_hs_diff,has_copper,signal,True
USB_UP_DP,3,2,1,0,3,10.7999,19.5,82.4901,24.52,71.6902,5.02,usb2_hs_diff,has_copper,signal,True
VBUS_J1,10,7,1,7,10,10.7999,13.0172,87.56,25.11,76.7601,12.0928,high_current_power,has_copper,power,True
VDD_HIGH_CAP,2,2,1,0,2,98.7901,19.62,98.8001,19.63,0.01,0.01,gpio,has_copper,signal,True
VDD_SNVS_CAP,2,2,0,0,2,97.38,11.0057,100.3901,18.02,3.0101,7.0143,gpio,named_only,signal,True
VDD_SOC,27,18,10,0,23,93.06,12.5857,111.57,28.6,18.51,16.0143,local_rt_power,has_copper,power,True
VDD_USB_CAP,2,2,1,0,2,101.84,19.6001,101.99,19.62,0.15,0.0199,gpio,has_copper,signal,True
XTALI_24M,3,3,1,1,3,92.5743,13.5,98.7901,17.2199,6.2158,3.7199,clock_crystal,has_copper,signal,True
XTALO_24M,3,3,0,1,3,91.18,17.2199,99.59,18.9452,8.41,1.7253,clock_crystal,has_copper,signal,True
