kind,id,net,layer,width_mil,x_mm,y_mm,x2_mm,y2_mm,hole_mm,land_mm,inverted,via_in_pad
LINE,1f62d7b5ec93a8e8,USB_EFUSE_OVLO,L6_Bottom,10,14.3172,23.76,14.3172,22.54,,,,
LINE,693efca05c63fd13,USB_EFUSE_UVLO,L6_Bottom,10,15.1828,23.76,16.6928,23.76,,,,
LINE,2a3771589e54c0e4,USB_EFUSE_UVLO,L6_Bottom,10,16.6928,23.76,16.7,23.7672,,,,
LINE,3275d8c0191d9ece,USB_EFUSE_PGTH,L6_Bottom,10,16.6628,21.38,16.6628,20.1844,,,,
LINE,15bc925a5f6c5b16,USB_EFUSE_PGTH,L6_Bottom,10,16.6628,20.1844,16.6772,20.17,,,,
LINE,1f4b0aa47d719e7d,+5V_SYS,L6_Bottom,10,17.8149,21.8226,17.5428,21.5505,,,,
LINE,203ced37e013c713,+5V_SYS,L6_Bottom,10,17.5428,21.5505,17.5428,20.17,,,,
LINE,f79752ff8a427711,VBUS_J1,L1_Top,10,17.305,22.61,17.3199,22.6249,,,,
LINE,cf0d57f34d3ff734,VBUS_J1,L1_Top,10,17.3199,22.6249,17.3199,25.11,,,,
LINE,82251c57639ac8eb,VBUS_J1,L1_Top,10,17.305,22.61,17.305,23.551,,,,
LINE,659e964c1dc4a713,VBUS_J1,L1_Top,10,16.646,24.21,14.89,24.21,,,,
LINE,0ed608cf4790429f,+5V_SYS,L1_Top,10,18.38,20.21,19.86,20.21,,,,
LINE,0b69faa18814724d,+5V_SYS,L1_Top,10,17.55,20.33,16.9401,20.33,,,,
LINE,9230dc480304a558,+5V_SYS,L1_Top,10,17.8049,20.7851,17.8049,20.5849,,,,
LINE,3a4e1ab9faab6e41,TUSB_OUT2,L1_Top,10,17.05,16.1999,18.017,16.1999,,,,
LINE,1dabb05450598883,TUSB_CLASS_OUT1_N,L1_Top,10,17.05,15.8001,17.7671,15.8001,,,,
LINE,dcbdeca10182d816,TUSB_VBUS_DET,L1_Top,10,16.1001,15.25,16.1001,14.2829,,,,
LINE,508e3c96730b420d,TUSB_OUT3,L1_Top,10,17.05,15.0999,17.05,13.8828,,,,
LINE,95991b67a73ead56,VBUS_J1,L1_Top,10,15.7,13.0172,15.46,13.0172,,,,
LINE,f520828fa3aebf5b,VBUS_J1,L1_Top,10,13.84,14.6372,13.84,17.19,,,,
LINE,0464c185a7899298,VBUS_J1,L1_Top,10,12.28,18.7499,11.8601,18.7499,,,,
LINE,0827e8ae990af94b,CC1,L6_Bottom,10,14.84,16.26,15.3,16.26,,,,
LINE,e009ef5ad9c69f9d,CC1,L6_Bottom,10,13.22,19.689,13.22,17.88,,,,
LINE,2a9f1852bc965df5,CC2,L6_Bottom,10,12.6501,14.7459,12.0501,14.7459,,,,
LINE,8f17cd714787f63e,CC2,L6_Bottom,10,11.9704,14.75,10.04,14.75,,,,
LINE,97ae9241c47819f6,CC2,L6_Bottom,10,8.82,15.97,8.82,18.02,,,,
LINE,1df2a40e26d4506a,CC2,L6_Bottom,10,15.3,15.73,15.3,15.35,,,,
LINE,f902dca27931ff85,CC2,L6_Bottom,10,14.7,14.75,12.7298,14.75,,,,
LINE,76b03cb24fd7a3fa,BENCH_PRESENT,L1_Top,10,20.6848,30.6037,19.0187,30.6037,,,,
LINE,4e3094606bb6e922,+5V_BENCH_IN,L1_Top,10,19.425,35.65,17.93,35.65,,,,
LINE,cddc1a17ccb77a68,+5V_SYS,L1_Top,10,21.8549,33.0301,21.8549,30.8287,,,,
LINE,10b1175aa5f9afd5,BENCH_PGTH,L6_Bottom,10,19.5728,29.97,20.8272,29.97,,,,
LINE,3f2c9f32c06d4602,BENCH_UVLO,L6_Bottom,10,20.4672,31.67,20.4672,32.99,,,,
LINE,2925c6fb031b66a7,BENCH_OVLO,L6_Bottom,10,21.3328,32.99,21.3328,34.31,,,,
LINE,bfc4297a935e1dab,BENCH_ITMR,L1_Top,10,22.5049,32.065,22.5049,31.7286,,,,
LINE,5ac976bd64176d7b,+5V_BENCH_IN,L6_Bottom,10,21.3539,30.98,21.3539,31.6689,,,,
LINE,c467c4ff0f558a87,+5V_SYS,L1_Top,10,21.425,33.46,23.97,33.46,,,,
LINE,d5a4cb38a52aab4d,INA_VINP,L1_Top,10,30.17,33.64,30.17,33.34,,,,
LINE,d16e71fe1c18c48f,+5V_LED,L1_Top,10,31.17,33.14,31.17,33.68,,,,
LINE,bdf779bf69084d8a,+5V_LED,L1_Top,10,31.9,34.41,33.0999,34.41,,,,
LINE,4f4f43cde46d564f,TPS62913_NRSS,L6_Bottom,10,33.95,22.3998,34.3996,22.3998,,,,
LINE,c6ba83017d30ff00,TPS62913_FB,L6_Bottom,10,33.2628,22.44,33.2628,23.5996,,,,
LINE,3020b2c682832df4,TPS62913_FB,L6_Bottom,10,33.2628,23.6596,33.2628,24.8673,,,,
LINE,2d28c66759aba617,TPS62913_EN,L1_Top,10,31.7828,23.48,31.7828,22.6924,,,,
LINE,6a7de83cbcda9a5d,TPS62913_SCONF,L1_Top,10,31.7728,24.72,32.0928,24.72,,,,
LINE,c42d59f4848220d4,TPS62913_SCONF,L1_Top,10,32.9499,23.8629,32.9499,22.3498,,,,
LINE,169da0c2b81608c9,SW_3V3,L1_Top,10,33.0,21.1504,32.0099,21.1504,,,,
LINE,e47e2f61bd7e620f,SW_3V3,L1_Top,10,29.4699,18.6104,29.4699,18.47,,,,
LINE,b1e6878cf1a4b1bf,+3V3,L1_Top,10,31.95,19.05,31.95,16.84,,,,
LINE,64c02c8aaa5b8f4d,+3V3,L1_Top,10,31.95,19.05,31.95,20.0452,,,,
LINE,db6db96b74d45b82,+3V3,L1_Top,10,32.555,20.6503,32.825,20.6503,,,,
LINE,ce1486fc15b20d35,+3V3,L1_Top,10,26.2701,21.5601,26.2701,18.03,,,,
LINE,2dd53b619111182c,+5V_SYS,L1_Top,10,34.4,21.6502,38.1997,21.6502,,,,
LINE,e2376244b804cd9c,S3_IO0,L1_Top,10,56.8028,25.07,57.3995,24.4733,,,,
LINE,3748b80b0be55a75,S3_IO0,L1_Top,10,56.8028,25.07,59.836,28.1032,,,,
LINE,008743dcecb4811d,S3_IO0,L1_Top,10,60.58,29.8993,60.58,37.6999,,,,
LINE,162915cd9bb8fc75,USB2422_XTALIN,L1_Top,10,80.07,28.6599,81.2396,28.6599,,,,
LINE,1df75b7301dab93f,USB2422_XTALOUT,L1_Top,10,84.6201,32.27,84.6201,31.8089,,,,
LINE,9902c11add8fd745,USB2422_XTALOUT,L1_Top,10,81.9899,24.52,81.9899,25.4553,,,,
LINE,0be80b32202be158,USB2422_XTALOUT,L1_Top,10,82.5502,26.5017,82.2922,26.2437,,,,
LINE,0eb0c6f906b05c82,USB2422_XTALOUT,L1_Top,10,84.1401,30.65,83.2244,29.7344,,,,
LINE,d671231d60a06dad,USB2422_XTALOUT,L1_Top,10,83.03,27.49,83.03,29.265,,,,
LINE,0caea840447de9bd,USB2422_XTALIN,L1_Top,10,81.4901,24.52,81.4901,25.559,,,,
LINE,c8003ac88255d5f3,USB2422_XTALIN,L1_Top,10,81.15,26.38,80.5421,26.9879,,,,
LINE,cfd656e9b256d95e,USB2422_XTALIN,L1_Top,10,80.33,27.5,80.33,28.0322,,,,
LINE,4efd7f4de76ec07d,+5V_LED_S,L1_Top,10,126.91,11.4772,128.0782,11.4772,,,,
LINE,f6b0b43b66aa3906,+5V_LED_S,L1_Top,10,128.12,11.4599,129.212,11.4599,,,,
LINE,b5a4599bc3fe8495,S_DATA_B,L1_Top,10,118.6901,12.27,119.9728,12.27,,,,
LINE,4c3fee08e8b8a31d,+5V_LED_S,L1_Top,10,118.4999,5.8,118.4999,7.9999,,,,
LINE,fbf04854cbf714dc,+5V_LED_S,L1_Top,10,119.47,11.1499,119.47,9.16,,,,
LINE,234082d98cec221e,+5V_LED_S,L1_Top,10,119.47,8.97,119.47,9.16,,,,
LINE,9d543736c8a73cfe,+5V_LED_S,L1_Top,10,120.4999,5.8,120.4999,8.1301,,,,
LINE,c361ae72ce0ed365,S_DATA_B_T,L1_Top,10,121.11,9.1,121.11,10.2672,,,,
LINE,b1e1632c1958c2f5,S_DATA_B_T,L1_Top,10,122.4999,5.8,122.4999,7.7101,,,,
LINE,5b176e04579fe76c,S_DATA_A_T,L1_Top,10,123.6428,5.9429,123.6428,10.08,,,,
LINE,6fad0a21105335d8,+5V_LED_S,L1_Top,10,125.4999,7.9433,125.4999,5.8,,,,
LINE,cc9dd432fb716e4d,+5V_LED_S,L1_Top,10,127.4999,5.8,127.4999,8.374,,,,
LINE,448029bfc58a6317,S_OE,L1_Top,10,126.21,12.3428,126.21,12.6928,,,,
LINE,7cffb58540f8eafe,S_OE,L1_Top,10,125.2827,13.6201,124.69,13.6201,,,,
LINE,766c29b41cf3f9f5,N_DATA_A,L1_Top,10,121.7272,30.57,121.7272,29.8229,,,,
LINE,cae7ea0af4e0c45d,N_DATA_B,L1_Top,10,123.67,27.5172,126.6271,27.5172,,,,
LINE,31c86abb25ee071f,N_OE,L1_Top,10,119.6073,26.9699,120.48,26.9699,,,,
LINE,75369b3d6e259fba,+5V_LED_N,L1_Top,10,116.79,28.77,118.6672,28.77,,,,
LINE,c64ab31445049f09,MIC_PRESENT,L1_Top,10,138.7472,32.17,138.7472,34.113,,,,
LINE,2a650ee21abb00fe,+3V3,L1_Top,10,139.7101,32.2673,139.7101,34.15,,,,
LINE,3d0d50c224e97397,TLV_AREG,L1_Top,10,136.5001,21.8999,136.5001,20.54,,,,
LINE,fdf4ee7644c83048,TLV_AREG,L1_Top,10,136.99,20.54,136.5001,20.54,,,,
LINE,685b3c49328cd023,TLV_AREG,L1_Top,10,138.2985,19.342,137.818,19.342,,,,
LINE,a2b5116e267807c5,TLV_AREG,L1_Top,10,137.36,19.8,137.36,20.17,,,,
LINE,14369ba547e4a1bb,TLV_VREF,L1_Top,10,136.9282,18.8419,138.2985,18.8419,,,,
LINE,62606d461f8d5449,TLV_DREG,L1_Top,10,138.6701,21.8299,139.83,21.8299,,,,
LINE,55bbabd87a943688,TLV_DREG,L1_Top,10,138.9985,20.5419,138.9985,21.0385,,,,
LINE,a7def4e3536bd600,TLV_DREG,L1_Top,10,139.32,21.36,139.3601,21.36,,,,
LINE,bb52f42f21454431,PDMCLK_SRC,L1_Top,10,140.4984,21.2756,140.4984,20.5419,,,,
LINE,295e022a226dee80,PDMDIN,L1_Top,10,138.2985,18.3418,135.7682,18.3418,,,,
LINE,e4de4d9bb47c5eb8,PDMDIN,L1_Top,10,137.7101,34.15,137.7101,32.8201,,,,
LINE,99da76917d3df25b,PDMDIN,L1_Top,10,133.9295,29.0395,133.9295,20.0026,,,,
LINE,d78d7ce9b3e2ed1b,PDMCLK,L1_Top,10,141.06,22.7028,141.06,33.83,,,,
LINE,b470d5e1629a2fcf,PDMCLK,L1_Top,10,138.73,36.16,137.6398,36.16,,,,
LINE,17c896b00f7fc9b2,INA_VINN,L1_Top,10,30.6701,33.14,30.6701,33.9867,,,,
LINE,09659c78584e4e6e,INA_VINN,L1_Top,10,33.9,37.75,33.47,37.75,,,,
LINE,d967e19e0bc28824,INA_VINN,L1_Top,10,32.68,36.96,32.68,36.332,,,,
LINE,9d2039a7eeb151f6,+5V_LED,L1_Top,10,34.195,35.915,34.695,35.915,,,,
LINE,1253e3dd3b27df8c,+5V_SYS,L1_Top,10,27.675,37.165,28.185,37.165,,,,
LINE,78d4b347a6dcfc40,3V3_PG,L1_Top,10,36.02,19.7054,36.02,18.4628,,,,
LINE,5289972654491d7e,TUSB_ID,L1_Top,10,18.0499,17.9,18.3672,17.9,,,,
LINE,88e590ae56d33e1e,AUX_TIP,L1_Top,10,142.1402,3.4083,137.934,7.6145,,,,
LINE,5966d22bb4f72788,AUX_TIP,L1_Top,10,137.35,9.0243,137.35,13.3041,,,,
LINE,2fe8678e3c85e76d,+5V_LED_S,L1_Top,10,124.72,10.9773,124.72,8.812,,,,
LINE,90d819385d59875c,+5V_LED_S,L1_Top,10,124.72,10.9773,124.72,11.4199,,,,
LINE,628547099b35c1ca,S_DATA_A,L1_Top,10,122.7772,10.08,122.7772,11.3889,,,,
LINE,d9b411be498ab145,AUX_L_P,L1_Top,10,137.1428,16.35,137.7068,16.35,,,,
LINE,fa20a4ba1f8b1a62,AUX_TIP,L1_Top,10,136.2772,16.35,136.2772,15.8941,,,,
LINE,b824de15d10e89ae,AUX_L_N,L1_Top,10,138.9514,16.3214,138.38,15.75,,,,
LINE,1c3a7ea274bd3428,AUX_L_N,L1_Top,10,138.0372,14.9224,138.0372,14.7704,,,,
LINE,e0a3ed8938fa62b5,AUX_R_N,L1_Top,10,141.7804,16.36,142.5372,16.36,,,,
LINE,f9688bfae6aec6e9,AUX_R_P,L1_Top,10,139.9985,17.642,139.9985,17.2311,,,,
LINE,b0fca3e7b0bcaa13,ENC1_SW,L1_Top,10,146.3426,5.6889,147.325,4.7065,,,,
LINE,8a832af3c56e515c,ENC1_A,L1_Top,10,153.7059,5.9064,153.375,5.9064,,,,
LINE,3c49be60cd2b3206,ENC1_B,L1_Top,10,153.7184,3.5067,153.375,3.5067,,,,
LINE,22da605f2745ee4c,ENC2_B,L1_Top,10,158.2041,5.9064,158.5302,5.9064,,,,
LINE,64ccac40b7e92795,ENC2_A,L1_Top,10,158.2116,3.5067,158.5302,3.5067,,,,
LINE,ebfeb2c133a976b8,ENC2_SW,L1_Top,10,164.5802,4.7065,165.0762,5.2025,,,,
LINE,f72840244b3dc18c,SVC_SCL,L6_Bottom,10,46.81,24.073,47.0468,24.3097,,,,
LINE,195635b19bb05400,SVC_SDA,L6_Bottom,10,46.31,24.073,46.1756,24.2075,,,,
LINE,b44e7256ea5b8aef,TMP_SDQ,L1_Top,10,38.6928,26.46,38.6928,25.5679,,,,
LINE,62b37a1b1cea2805,TMP_SDQ,L1_Top,10,39.6444,24.6164,39.8565,24.6387,,,,
LINE,27dd80e8edfa5a53,TMP_SDQ,L1_Top,10,40.6851,25.5591,40.6851,26.1189,,,,
LINE,6ca5070a45d49254,TMP_ALERT,L1_Top,10,39.6138,30.09,38.6928,30.09,,,,
LINE,2cdd5c277dcdfff6,INA_ALERT,L1_Top,10,31.17,28.92,31.17,27.4472,,,,
LINE,c5ff042c2a062850,SVC_SDA,L1_Top,10,31.6701,28.92,31.6701,28.091,,,,
LINE,e5d01b94c625f718,SVC_SCL,L1_Top,10,32.72,28.37,44.75,28.37,,,,
LINE,52b35986cd64959d,SVC_SCL,L1_Top,10,46.81,26.31,46.81,24.073,,,,
LINE,9c921af94d4a7739,SVC_SDA,L1_Top,10,32.1411,27.62,44.6,27.62,,,,
LINE,330848d14cf19a3b,SVC_SDA,L1_Top,10,46.3101,25.9099,46.3101,24.073,,,,
LINE,43a5411b58259b54,TUSB_CLASS_OUT1_N,L1_Top,10,18.31,10.2701,18.31,15.1428,,,,
LINE,7c130bb91274a4da,NOT_OUT2,L1_Top,10,20.33,5.9901,20.33,6.5399,,,,
LINE,daf80ab620e54cb1,USB_3A_OK,L1_Top,10,20.5601,4.57,23.9699,4.57,,,,
LINE,d56378cdcda220bb,NOT_OUT1,L1_Top,10,21.28,5.76,21.28,5.9901,,,,
LINE,a5aa8285fd37ee39,NOT_OUT1,L1_Top,10,17.36,7.6699,17.36,6.1,,,,
LINE,4024c6396c4f9de0,NOT_OUT1,L1_Top,10,18.46,5.0,20.52,5.0,,,,
LINE,3ebb9b2e799307d0,BENCH_PRESENT,L1_Top,10,27.0785,11.6426,28.5419,13.1061,,,,
LINE,c454f112c1d8496a,BENCH_PRESENT,L1_Top,10,30.338,13.85,36.7479,13.85,,,,
LINE,79ddb2cd461c6ccd,BENCH_PRESENT,L1_Top,10,18.9543,30.6553,19.0045,30.605,,,,
LINE,73a14e274ed06229,BENCH_PRESENT,L1_Top,10,25.9415,11.6426,24.0165,13.5676,,,,
LINE,a8a36a5dbb230a63,BENCH_PRESENT,L1_Top,10,23.44,14.9594,23.44,23.3952,,,,
LINE,7c39df31114f2f0e,BENCH_PRESENT,L1_Top,10,22.1152,24.72,20.6852,24.72,,,,
LINE,233041b34756163d,BENCH_PRESENT,L1_Top,10,18.9452,26.46,18.9452,30.6772,,,,
LINE,acbacf3f34656798,TUSB_OUT2,L6_Bottom,10,17.6232,15.0569,22.41,10.2701,,,,
LINE,5f3d79f9efae1c52,USB_EFUSE_PG,L6_Bottom,10,17.23,18.75,34.75,18.75,,,,
LINE,c0a17da0dfb3688f,USB_EFUSE_PG,L1_Top,10,15.77,21.37,15.77,21.78,,,,
LINE,55efa281c472e041,USB_EFUSE_PG,L1_Top,10,16.375,22.385,16.6347,22.385,,,,
LINE,456d75b3039419ff,PDMCLK,L6_Bottom,10,131.4865,17.6048,138.52,17.6048,,,,
LINE,f9333c7511f77073,PDM_SELECT,L6_Bottom,10,130.7974,17.5939,130.7974,16.1313,,,,
LINE,71ae9f6c4dcbdba9,PDMCLK,L6_Bottom,10,141.06,22.7028,141.06,20.1448,,,,
LINE,8cefef45271a79d6,PDMDIN,L6_Bottom,10,132.4496,18.3418,138.2985,18.3418,,,,
LINE,df2b7f5e85a8f673,+5V_LED,L6_Bottom,10,113.2651,34.381,113.2651,33.9279,,,,
LINE,b65141878d2896ad,+5V_LED,L6_Bottom,10,113.26,34.79,113.26,34.3861,,,,
LINE,dbb7e676419ef2f2,N_PGTH,L6_Bottom,10,112.8711,32.8289,112.8,32.9,,,,
LINE,36b019e10007622b,+5V_LED_N,L6_Bottom,10,113.7649,32.7609,113.7649,33.5776,,,,
LINE,477ad967d195b68e,N_PGTH,L6_Bottom,10,113.1972,32.0417,113.1972,31.3,,,,
LINE,c71b0948b58d175c,+5V_LED_N,L1_Top,10,113.7649,34.4801,113.7649,34.0,,,,
LINE,f1150015e05337c0,+5V_LED_N,L1_Top,10,113.7649,34.0,113.7649,33.5776,,,,
LINE,2c5aff7f7566ffe5,+5V_LED_N,L6_Bottom,10,113.7649,34.4801,113.7649,34.0,,,,
LINE,cc9c0d429d6bf1b7,+5V_LED_N,L6_Bottom,10,113.7649,34.0,113.7649,33.5776,,,,
LINE,a4863bf434d32f59,BTN3,L1_Top,10,153.4325,32.4064,153.4325,35.1,,,,
LINE,5a37886ff88b0753,BTN2,L1_Top,10,153.3925,21.305,153.3925,24.1437,,,,
LINE,5ac0b7ac929c2eb1,BTN5,L1_Top,10,164.6925,21.2126,164.6925,24.1437,,,,
LINE,99ecb241eeffb02b,BTN1,L1_Top,10,153.3925,10.2626,153.3925,13.1874,,,,
LINE,95d647ebfa59ef13,BTN6,L1_Top,10,164.6925,10.2343,164.6925,13.1874,,,,
LINE,24073a10c97eed82,CC2,L1_Top,10,15.4693,15.8001,15.5499,15.8001,,,,
LINE,e61a129b9e5190dc,CC1,L1_Top,10,15.4452,16.1999,15.5499,16.1999,,,,
LINE,641479e1367d1eab,S3_EN,L1_Top,10,76.03,10.0351,78.3642,10.0351,,,,
LINE,9c1fc652625cb937,S3_EN,L1_Top,10,78.4,10.0499,79.6782,10.0499,,,,
LINE,6c41d2f01f30e5b0,+3V3,L1_Top,10,76.03,8.7651,77.8328,8.7651,,,,
LINE,9db473d8434a00c9,AUX_RING_SW,L1_Top,10,132.5028,8.51,133.6962,7.3166,,,,
LINE,ce696bf37929dfc9,AUX_TIP_SW,L1_Top,10,132.5028,12.89,133.4914,11.9014,,,,
LINE,177d4bb057e35bad,AUX_R_P,L1_Top,10,142.2752,13.9038,140.693,15.4859,,,,
LINE,7cc334b59199af04,AUX_RING,L1_Top,10,143.14,12.6799,143.14,10.9854,,,,
LINE,8d41f3aca67c480b,AUX_RING,L1_Top,10,142.3961,9.1894,142.115,8.9083,,,,
LINE,ffc6cc723da874dc,AUX_RING,L1_Top,10,144.57,12.6672,143.1708,12.6672,,,,
LINE,71e10eb696ddc1a6,+5V_BENCH_IN,L1_Top,10,21.3528,31.67,21.3528,32.0807,,,,
LINE,87383ac818bf3093,+5V_BENCH_IN,L1_Top,10,17.49,32.33,21.1035,32.33,,,,
LINE,ff43a5608f48f5ad,+5V_SYS,L1_Top,10,17.8149,20.7951,17.8049,20.7851,,,,
LINE,0c154512c64c25a1,+5V_SYS,L1_Top,10,17.8149,21.8226,17.8149,20.7951,,,,
LINE,440aefa7d9797a0f,+5V_SYS,L6_Bottom,10,17.8149,22.3226,17.8149,21.8226,,,,
LINE,c71876e383559d19,+5V_SYS,L6_Bottom,10,17.8149,22.85,17.8149,22.3226,,,,
LINE,d2d2612c0ce37e16,+5V_SYS,L1_Top,10,17.8149,22.3226,17.8149,21.8226,,,,
LINE,aad5ba7f2effe238,+5V_SYS,L1_Top,10,17.8149,22.85,17.8149,22.3226,,,,
LINE,e2a452d29fe6a623,BENCH_PRESENT,L1_Top,10,38.5439,14.5939,43.9909,20.0409,,,,
LINE,33bcf72c582ec6b4,BENCH_PRESENT,L1_Top,10,44.56,21.4148,44.56,21.8231,,,,
LINE,a644847899ef898b,USB_EFUSE_PG,L6_Bottom,10,45.81,23.8727,45.81,23.22,,,,
LINE,0a72adcb5aca5881,USB_EFUSE_PG,L6_Bottom,10,44.89,22.3,38.86,22.3,,,,
LINE,de30760091e612de,S_ILM,L1_Top,10,44.56,23.3229,44.56,24.73,,,,
LINE,9850c63b5511e3f5,N_PG,L1_Top,10,44.56,22.8231,44.0825,22.8231,,,,
LINE,b08563a5e7c28314,N_PG,L1_Top,10,43.605,23.3006,43.605,23.85,,,,
LINE,e2f82d13d546b770,N_PG,L6_Bottom,10,43.605,23.85,43.605,33.12,,,,
LINE,47e1124bab98b6c2,S_PG,L1_Top,10,44.56,22.3229,43.8329,22.3229,,,,
LINE,1218a82c6e65e3b7,S_OVLO,L1_Top,10,113.055,7.245,113.595,7.245,,,,
LINE,cc7bc36cdc7447fc,S_PG,L1_Top,10,113.0553,7.695,113.935,7.695,,,,
LINE,11d7e82d5d2b38cb,S_PG,L1_Top,10,114.56,7.07,114.56,5.72,,,,
LINE,de0c643249a5f7b7,S_PG,L1_Top,10,113.78,4.94,110.98,4.94,,,,
LINE,a76f211f984964ea,S_PG,L6_Bottom,10,113.775,7.695,114.1278,8.0479,,,,
LINE,6af402427f9b3d7e,S_OVLO,L6_Bottom,10,113.77,7.11,114.7948,7.11,,,,
LINE,bce28c656fdf8439,S_OVLO,L6_Bottom,10,114.8672,7.14,114.8672,6.0697,,,,
LINE,c93e330922eb4af4,S_MID,L6_Bottom,10,115.6128,5.78,115.6128,4.81,,,,
LINE,2fe7da7c4029626b,+5V_LED,L6_Bottom,10,112.3849,8.17,112.3849,7.47,,,,
LINE,20b967c148aee244,+5V_LED,L6_Bottom,10,112.3849,7.47,112.3849,6.77,,,,
LINE,5cfbcffb154ddf5d,+5V_LED,L6_Bottom,10,112.3849,6.77,112.3849,5.4849,,,,
LINE,7367c58127124987,+5V_LED,L6_Bottom,10,113.0598,4.81,114.7472,4.81,,,,
LINE,4050cfdfd9f7e284,S_ILM,L6_Bottom,10,70.9,7.17,109.1522,7.17,,,,
LINE,86611ada813c8faf,S_PG,L6_Bottom,10,42.45,20.94,56.8961,6.4939,,,,
LINE,37a13032d56fd9fd,S_PG,L6_Bottom,10,58.6921,5.75,110.17,5.75,,,,
LINE,59caced384c5ecc7,S_PGTH,L6_Bottom,10,114.13,9.4263,114.13,9.4972,,,,
LINE,e81a9508522a5424,+5V_LED_S,L6_Bottom,10,111.8851,7.47,111.8851,8.17,,,,
LINE,03d440e6cd0fd850,+5V_LED_S,L6_Bottom,10,111.8851,7.47,111.8851,6.7905,,,,
LINE,43dce83b6f5757a1,+5V_LED_S,L6_Bottom,10,111.8851,8.17,111.8851,8.65,,,,
LINE,2fed1d03f89069de,+5V_LED_S,L6_Bottom,10,112.4179,9.1828,112.96,9.1828,,,,
LINE,2dfd9e591f1bc980,S_ILM,L6_Bottom,10,109.8629,7.23,109.8892,7.2037,,,,
LINE,e6045fec48d0b85e,S_ILM,L6_Bottom,10,109.8892,7.2037,111.247,7.2037,,,,
LINE,d8104a86ef283bc4,N_PG,L6_Bottom,10,112.6,33.773,106.367,33.773,,,,
LINE,2b594e83f9cb0de7,N_PG,L6_Bottom,10,104.48,35.66,46.145,35.66,,,,
LINE,3a28e0f037c2ed95,+3V3,L6_Bottom,10,101.99,22.82,101.99,23.1084,,,,
LINE,5adca15ddd8cb9a4,DCDC_PSWITCH,L6_Bottom,10,101.99,23.62,102.8401,23.62,,,,
LINE,7077fb5e0911e839,GND,L6_Bottom,10,101.99,24.42,101.7343,24.42,,,,
LINE,d3c89f391e8234f8,N_OVLO,L6_Bottom,10,112.44,34.249,112.1782,34.249,,,,
LINE,55ab46d030948482,N_OVLO,L6_Bottom,10,111.37,35.0372,110.16,35.0372,,,,
LINE,f172de88c8e9a7e9,N_MID,L6_Bottom,10,110.16,35.9028,110.16,37.1128,,,,
LINE,2bc1cf92eb665bd1,+5V_LED,L6_Bottom,10,113.26,34.79,113.26,36.0514,,,,
LINE,b4b80a0f733c1115,+5V_LED,L6_Bottom,10,112.1614,37.15,111.0628,37.15,,,,
LINE,4098347672b01e03,LED_N_EN,L1_Top,10,109.26,31.3501,109.26,32.54,,,,
LINE,a675e9c14485b710,LED_N_EN,L1_Top,10,111.8,35.08,112.76,35.08,,,,
LINE,e7ae8de8d89a5c5a,LED_N_EN,L1_Top,10,118.5999,35.7,113.38,35.7,,,,
LINE,c688e48455068a95,DCDC_LP,L1_Top,10,99.7099,25.9,93.7301,25.9,,,,
LINE,9037f7108541ed8b,+5V_LED_N,L1_Top,10,120.5801,30.57,120.5801,30.2602,,,,
LINE,e5825d6c41c3f998,+5V_LED_N,L1_Top,10,120.5801,34.0069,120.5801,30.57,,,,
LINE,5775f892985a5c43,+5V_LED_N,L1_Top,10,118.6601,34.2,118.6601,28.7966,,,,
LINE,d1b5b1e3572f20cf,N_DATA_A_T,L1_Top,10,122.6601,34.2,122.6601,30.7325,,,,
LINE,8be52f8226060710,N_DATA_B_T,L1_Top,10,123.6601,34.2,123.6601,28.4066,,,,
LINE,ebb2cd6ff8de15ec,+5V_LED_N,L1_Top,10,125.6601,34.2,125.6601,28.5181,,,,
LINE,ae42518ee2eb9061,+5V_LED_N,L1_Top,10,125.68,28.4701,125.68,29.5479,,,,
LINE,2b776d3143335eb4,+5V_LED_N,L1_Top,10,126.424,31.344,127.22,32.14,,,,
LINE,53f0e2afe7c945c2,+5V_LED_N,L1_Top,10,127.6601,33.2025,127.6601,34.2,,,,
LINE,b19a02f4b7a89ab5,N_OE,L6_Bottom,10,120.03,33.5799,120.03,28.0565,,,,
LINE,171567b9f46b090f,USB2422_CRFILT,L1_Top,10,81.9899,20.52,81.9899,19.1172,,,,
LINE,7fab4729d19bfea9,USB2422_NON_REM1,L1_Top,10,83.74,21.2701,84.8028,21.2701,,,,
LINE,5a3cfe6433facf26,USB2422_RESET_N,L1_Top,10,83.74,22.2701,86.1628,22.2701,,,,
LINE,c22df6e45dbabce1,USB2422_VBUS_DET,L1_Top,10,86.34,23.7472,86.34,23.6687,,,,
LINE,8c31536591f8ecc4,USB2422_VBUS_DET,L1_Top,10,85.0876,22.7699,83.74,22.7699,,,,
LINE,4500c4c0b5fcb6b8,USB2422_NON_REM0,L1_Top,10,83.74,23.2701,84.3775,23.2701,,,,
LINE,629c760f8fea702c,USB2422_NON_REM0,L1_Top,10,84.9311,23.5211,84.894,23.484,,,,
LINE,b9c80a32a18fcc40,USB2422_VBUS_DET,L1_Top,10,86.34,23.7472,87.0047,23.7472,,,,
LINE,c3fdd711e292f62c,USB2422_RESET_N,L1_Top,10,86.38,22.1397,87.3593,22.1397,,,,
LINE,515a523423b234fc,GND,L6_Bottom,10,102.7923,19.6146,102.7923,19.3713,,,,
LINE,b153aeda3cd4ec40,GND,L6_Bottom,10,103.59,19.6198,103.59,19.3743,,,,
LINE,3130bb271849128b,USB_DN2_DM,L6_Bottom,10,79.54,22.29,77.1045,22.29,,,,
LINE,6c2d7783a500d70e,USB_DN2_DP,L1_Top,10,78.7401,21.7699,79.74,21.7699,,,,
LINE,6948f22335e532ae,USB_DN2_DP,L1_Top,10,76.03,24.0051,76.9849,24.0051,,,,
LINE,c9b2e951db3c3579,USB_DN2_DP,L1_Top,10,77.98,23.01,77.98,22.53,,,,
LINE,f9a8352633d97834,+3V3,L1_Top,10,80.9899,20.52,81.4901,20.52,,,,
LINE,0bf1d79f5ea31bec,USB2422_RBIAS,L6_Bottom,10,80.4901,24.52,80.0172,24.52,,,,
LINE,6503e0879b92a7ce,USB2422_PLLFILT,L6_Bottom,10,80.9899,24.52,81.2601,24.52,,,,
LINE,33163d955060d702,+3V3,L1_Top,10,82.9899,20.52,83.56,20.52,,,,
LINE,977bd15ea66b6401,XTALI_24M,L1_Top,10,92.5743,13.5,92.5743,14.8842,,,,
LINE,0e7164b238c37614,XTALO_24M,L1_Top,10,91.6157,18.9452,91.6157,17.8258,,,,
ARC,0017052c5f9e28e3,VBUS_J1,L1_Top,10,17.305,23.551,16.646,24.21,,,,
ARC,1a17b45d5e225c62,VBUS_J1,L1_Top,10,14.89,24.21,14.53,23.85,,,,
ARC,e61681276af76157,+5V_SYS,L1_Top,10,17.8049,20.7851,18.38,20.21,,,,
ARC,c25bdc349d148d51,+5V_SYS,L1_Top,10,19.86,20.21,20.25,20.6,,,,
ARC,aa92fab611b37f71,+5V_SYS,L1_Top,10,17.8049,20.5849,17.55,20.33,,,,
ARC,6cb450b1ee3a7954,+5V_SYS,L1_Top,10,16.9401,20.33,16.9201,20.35,,,,
ARC,cf0f82eb82a22c53,TUSB_OUT2,L1_Top,10,18.017,16.1999,18.3672,16.55,,,,
ARC,ba63b606e5f292b6,TUSB_CLASS_OUT1_N,L1_Top,10,17.7671,15.8001,18.3672,15.2,,,,
ARC,ba289e65f0ddfeb0,TUSB_VBUS_DET,L1_Top,10,16.1001,14.2829,15.7,13.8828,,,,
ARC,0ceca9aa2b4124a6,TUSB_OUT3,L1_Top,10,16.8999,15.25,17.05,15.0999,,,,
ARC,f6d8f0b8ad725b1f,VBUS_J1,L1_Top,10,15.46,13.0172,13.84,14.6372,,,,
ARC,bd565073ed4b1079,VBUS_J1,L1_Top,10,13.84,17.19,12.28,18.7499,,,,
ARC,79920146999452f8,CC1,L6_Bottom,10,13.22,17.88,14.84,16.26,,,,
ARC,fa893d80b77b1b48,CC1,L6_Bottom,10,12.1591,20.7499,13.22,19.689,,,,
ARC,acbaa518dfeb957a,CC2,L6_Bottom,10,12.7298,14.75,12.6501,14.7459,,,,
ARC,2ec37a1af03abe12,CC2,L6_Bottom,10,12.0501,14.7459,11.9704,14.75,,,,
ARC,724ca0913a32b3df,CC2,L6_Bottom,10,8.82,18.02,9.9,19.1,,,,
ARC,fa0f33087b310987,CC2,L6_Bottom,10,10.04,14.75,8.82,15.97,,,,
ARC,e396a195a48af311,CC2,L6_Bottom,10,15.3,15.35,14.7,14.75,,,,
ARC,2095b339b9369737,+5V_BENCH_IN,L1_Top,10,17.93,35.65,16.05,33.77,,,,
ARC,71ee4becb9a376bf,+5V_SYS,L1_Top,10,21.425,33.46,21.8549,33.0301,,,,
ARC,151723cc50caeee1,BENCH_ITMR,L1_Top,10,22.7699,32.33,22.5049,32.065,,,,
ARC,f3674d1f1babb734,INA_VINP,L1_Top,10,28.48,35.33,30.17,33.64,,,,
ARC,1594bc0953956823,+5V_LED,L1_Top,10,31.17,33.68,31.9,34.41,,,,
ARC,436bfcda3e51e396,+5V_LED,L1_Top,10,33.0999,34.41,33.6099,33.9,,,,
ARC,d83c81f3404a36fa,TPS62913_NRSS,L6_Bottom,10,34.3996,22.3998,34.4199,22.42,,,,
ARC,37b287b26614232b,TPS62913_FB,L6_Bottom,10,33.2628,23.5996,33.2028,23.6596,,,,
ARC,5a4d353ec5471c19,TPS62913_FB,L6_Bottom,10,33.2628,24.8673,33.2501,24.88,,,,
ARC,993335d9344aacc6,TPS62913_EN,L1_Top,10,31.7828,22.6924,32.825,21.6502,,,,
ARC,4937ff3a1043c298,TPS62913_SCONF,L1_Top,10,32.0928,24.72,32.9499,23.8629,,,,
ARC,8bc552b986b4e91d,SW_3V3,L1_Top,10,32.0099,21.1504,29.4699,18.6104,,,,
ARC,7dc36ed1f9e36a24,+3V3,L1_Top,10,31.95,16.84,31.96,16.83,,,,
ARC,5c449884053b5687,+3V3,L1_Top,10,31.95,20.0452,32.555,20.6503,,,,
ARC,9159a99342ab56cb,+3V3,L1_Top,10,27.06,22.35,26.2701,21.5601,,,,
ARC,4757ff0495b2e976,+5V_SYS,L1_Top,10,38.1997,21.6502,38.22,21.63,,,,
ARC,45ae064e49bf45a4,S3_IO0,L1_Top,10,57.3995,24.4733,58.53,24.0051,,,,
ARC,3f4ccc54e4316a94,S3_IO0,L1_Top,10,59.836,28.1032,60.58,29.8993,,,,
ARC,2d3bd6121edc15c6,USB2422_XTALIN,L1_Top,10,81.2396,28.6599,81.9399,28.95,,,,
ARC,2b92163521d981fc,USB2422_XTALOUT,L1_Top,10,84.6201,31.8089,84.1401,30.65,,,,
ARC,cb7f9e8139600634,USB2422_XTALOUT,L1_Top,10,81.9899,25.4553,82.2922,26.2437,,,,
ARC,00e1cb00f097a10a,USB2422_XTALOUT,L1_Top,10,83.2244,29.7344,83.03,29.265,,,,
ARC,a5c7b46c914caecb,USB2422_XTALOUT,L1_Top,10,83.03,27.49,83.0178,27.4605,,,,
ARC,a0c49d2ca639020e,USB2422_XTALOUT,L1_Top,10,83.0178,27.4605,82.5502,26.5017,,,,
ARC,0c87a1976afca2eb,USB2422_XTALIN,L1_Top,10,81.4901,25.559,81.15,26.38,,,,
ARC,7ec3a9d68b39e394,USB2422_XTALIN,L1_Top,10,80.5421,26.9879,80.33,27.5,,,,
ARC,35bba544e01af47a,USB2422_XTALIN,L1_Top,10,80.33,28.0322,80.07,28.6599,,,,
ARC,7319bfa08ed19593,+5V_LED_S,L1_Top,10,128.0782,11.4772,128.12,11.4599,,,,
ARC,b849edd645f43a99,S_DATA_B,L1_Top,10,117.57,11.1499,118.6901,12.27,,,,
ARC,e70d8a9bf129e49d,S_DATA_B,L1_Top,10,119.9728,12.27,121.11,11.1328,,,,
ARC,174dd5b53e7b9b30,+5V_LED_S,L1_Top,10,118.4999,7.9999,119.07,8.57,,,,
ARC,889edac06e0f41f6,+5V_LED_S,L1_Top,10,119.07,8.57,119.47,8.97,,,,
ARC,ff38b38f0c07c8c2,+5V_LED_S,L1_Top,10,120.1,8.53,119.47,9.16,,,,
ARC,e289348b6b56a25f,+5V_LED_S,L1_Top,10,120.4999,8.1301,120.1,8.53,,,,
ARC,5085766cdfd7b18b,S_DATA_B_T,L1_Top,10,121.76,8.45,121.11,9.1,,,,
ARC,48ff73d172bd88f1,S_DATA_B_T,L1_Top,10,122.4999,7.7101,121.76,8.45,,,,
ARC,0c4535345f498c25,S_DATA_A_T,L1_Top,10,123.4999,5.8,123.6428,5.9429,,,,
ARC,12b8abf5d702b3f7,+5V_LED_S,L1_Top,10,125.3706,8.2833,125.4999,7.9433,,,,
ARC,14dfadbdfad51d18,+5V_LED_S,L1_Top,10,125.0509,8.4511,125.3706,8.2833,,,,
ARC,f26961b8e3bde492,+5V_LED_S,L1_Top,10,124.9991,8.4548,125.0509,8.4511,,,,
ARC,8619b2dec1becf5f,+5V_LED_S,L1_Top,10,127.4999,8.374,126.5777,9.3425,,,,
ARC,548d97c04d7b13d9,+5V_LED_S,L1_Top,10,126.5777,9.3425,126.5302,9.3436,,,,
ARC,40fd325795f5ad3d,S_OE,L1_Top,10,126.21,12.6928,125.2827,13.6201,,,,
ARC,e53fe51661705d81,N_DATA_A,L1_Top,10,121.7272,29.8229,122.38,29.1701,,,,
ARC,a7dfb698d3db1479,+5V_LED_N,L1_Top,10,120.5801,30.57,120.6601,30.65,,,,
ARC,4a0fe3fdb9c0373e,+5V_LED_N,L1_Top,10,120.5801,30.2602,120.48,30.1601,,,,
ARC,55f82ba4d36f05c0,N_DATA_B,L1_Top,10,126.6271,27.5172,127.58,28.4701,,,,
ARC,a2e0e62d6127703d,N_OE,L1_Top,10,118.67,27.9072,119.6073,26.9699,,,,
ARC,e0a84528b85987ea,+5V_LED_N,L1_Top,10,118.6672,28.77,118.67,28.7728,,,,
ARC,c2343aef5e876e94,MIC_PRESENT,L1_Top,10,138.7472,34.113,138.7101,34.15,,,,
ARC,f227a8b6c7a65d74,+3V3,L1_Top,10,139.6128,32.17,139.7101,32.2673,,,,
ARC,ea2d490f1fbb8eb2,TLV_AREG,L1_Top,10,136.08,22.32,136.5001,21.8999,,,,
ARC,530b8ca6d0f3e716,TLV_AREG,L1_Top,10,137.36,20.17,136.99,20.54,,,,
ARC,f365f3b4b7d4d90b,TLV_AREG,L1_Top,10,137.818,19.342,137.36,19.8,,,,
ARC,d5b85d5ed556b29d,TLV_VREF,L1_Top,10,136.4901,19.28,136.9282,18.8419,,,,
ARC,5a7a66dba7365758,TLV_DREG,L1_Top,10,138.18,22.32,138.6701,21.8299,,,,
ARC,54bacdb6ca351dae,TLV_DREG,L1_Top,10,138.9985,21.0385,139.32,21.36,,,,
ARC,d4772e9436889c2d,TLV_DREG,L1_Top,10,139.3601,21.36,139.83,21.8299,,,,
ARC,67377dbf89d9fa2c,PDMCLK_SRC,L1_Top,10,141.06,21.8372,140.4984,21.2756,,,,
ARC,44c385eadf1c1262,PDMDIN,L1_Top,10,137.7101,32.8201,136.15,31.26,,,,
ARC,e8f3ac017cfc036b,PDMDIN,L1_Top,10,136.15,31.26,133.9295,29.0395,,,,
ARC,9e1bdbf66a637f55,PDMDIN,L1_Top,10,135.7682,18.3418,133.9295,20.0026,,,,
ARC,90be2998c0d636b5,PDMCLK,L1_Top,10,135.67,34.1902,135.7101,34.15,,,,
ARC,8042c3ed208f55d0,PDMCLK,L1_Top,10,141.06,33.83,138.73,36.16,,,,
ARC,28db807f0a0b3210,PDMCLK,L1_Top,10,137.6398,36.16,135.67,34.1902,,,,
ARC,1d2c830570237699,INA_VINN,L1_Top,10,33.47,37.75,32.68,36.96,,,,
ARC,53f84377a13bc0f7,INA_VINN,L1_Top,10,32.68,36.332,31.75,35.32,,,,
ARC,b704b8fdbfa030dc,INA_VINN,L1_Top,10,31.75,35.32,30.6701,33.9867,,,,
ARC,2d1ce46aed02b2f4,+5V_LED,L1_Top,10,34.695,35.915,37.05,33.56,,,,
ARC,a3b95e84a3187881,+5V_SYS,L1_Top,10,23.97,33.46,27.675,37.165,,,,
ARC,b04ec6d09e075187,3V3_PG,L1_Top,10,34.575,21.1504,36.02,19.7054,,,,
ARC,2ef87de62dc2a282,TUSB_ID,L1_Top,10,16.8999,16.75,18.0499,17.9,,,,
ARC,0bf0ede650aafb19,AUX_TIP,L1_Top,10,136.7428,14.77,137.35,13.3041,,,,
ARC,a062ff268555d6eb,AUX_TIP,L1_Top,10,137.35,9.0243,137.934,7.6145,,,,
ARC,415a86bf7e2ff2f7,+5V_LED_S,L1_Top,10,124.71,8.812,125.0184,8.4549,,,,
ARC,0492afd87071575b,+5V_LED_S,L1_Top,10,124.72,10.9773,126.5402,9.3436,,,,
ARC,9dc6438dfd781685,+5V_LED_S,L1_Top,10,125.0691,8.4548,125.0584,8.4549,,,,
ARC,f26aa525ba817da5,S_DATA_A,L1_Top,10,122.7772,11.3889,122.79,11.4199,,,,
ARC,fcf10488ea8d0949,AUX_L_P,L1_Top,10,137.7068,16.35,138.9985,17.6418,,,,
ARC,792d05c59e42ae53,AUX_TIP,L1_Top,10,136.2772,15.8941,136.7428,14.77,,,,
ARC,55087ece5e9bae50,AUX_L_N,L1_Top,10,139.4984,17.642,138.9514,16.3214,,,,
ARC,cf7a60029beb3c03,AUX_L_N,L1_Top,10,138.38,15.75,138.0372,14.9224,,,,
ARC,cfdc86b25c69eed6,AUX_R_N,L1_Top,10,140.4984,17.642,141.7804,16.36,,,,
ARC,32067a294fb0ba8f,ENC1_SW,L1_Top,10,146.0148,6.4803,146.3426,5.6889,,,,
ARC,ef708357158c5d64,ENC1_A,L1_Top,10,155.04,6.4772,155.0309,6.4553,,,,
ARC,2219452588be54bf,ENC1_A,L1_Top,10,155.0309,6.4553,153.7059,5.9064,,,,
ARC,b881bd107b1578dc,ENC1_B,L1_Top,10,155.06,2.9328,155.0509,2.9547,,,,
ARC,2471f7bca412838f,ENC1_B,L1_Top,10,155.0509,2.9547,153.7184,3.5067,,,,
ARC,f2d71cef58c2ad99,ENC2_B,L1_Top,10,156.87,6.4772,156.8791,6.4553,,,,
ARC,f1f6ac3eb08d68fb,ENC2_B,L1_Top,10,156.8791,6.4553,158.2041,5.9064,,,,
ARC,889d24ad6de261a5,ENC2_A,L1_Top,10,156.87,2.9328,156.8791,2.9547,,,,
ARC,2cd2ddd3fc930ac1,ENC2_A,L1_Top,10,156.8791,2.9547,158.2116,3.5067,,,,
ARC,e84ad83a6c25606b,ENC2_SW,L1_Top,10,165.0762,5.2025,165.6,6.4672,,,,
ARC,03fad7f443cb328d,SVC_SCL,L6_Bottom,10,47.0468,24.3097,47.17,24.6072,,,,
ARC,1e83bdf9ca4fcdae,SVC_SDA,L6_Bottom,10,46.1756,24.2075,46.01,24.6072,,,,
ARC,66d410410cda18a4,TMP_SDQ,L1_Top,10,38.6928,25.5679,39.6444,24.6164,,,,
ARC,3838a3884e4bf0f0,TMP_SDQ,L1_Top,10,39.8565,24.6387,40.6851,25.5591,,,,
ARC,ca1caaf494565ac2,TMP_ALERT,L1_Top,10,40.0349,30.5111,39.6138,30.09,,,,
ARC,2a4f58ce72c980cb,INA_ALERT,L1_Top,10,31.17,27.4472,31.0228,27.3,,,,
ARC,17d335c5c2338f56,SVC_SDA,L1_Top,10,31.6701,28.091,32.1411,27.62,,,,
ARC,4259234b4daa25ec,SVC_SCL,L1_Top,10,32.17,28.92,32.72,28.37,,,,
ARC,dd4013170ed25b48,SVC_SCL,L1_Top,10,44.75,28.37,46.81,26.31,,,,
ARC,00912edf60dc04d1,SVC_SDA,L1_Top,10,44.6,27.62,46.3101,25.9099,,,,
ARC,b5e314869aa0d8ae,TUSB_CLASS_OUT1_N,L1_Top,10,18.31,15.1428,18.3672,15.2,,,,
ARC,c11e6ef3971bc604,NOT_OUT2,L1_Top,10,20.33,6.5399,21.46,7.6699,,,,
ARC,80acb5477a673e2c,USB_3A_OK,L1_Top,10,19.38,3.3899,20.5601,4.57,,,,
ARC,d7631b85a0f66de3,USB_3A_OK,L1_Top,10,23.9699,4.57,25.39,5.9901,,,,
ARC,fcc34ace225b1304,NOT_OUT1,L1_Top,10,20.52,5.0,21.28,5.76,,,,
ARC,b6f365d6a0343cfb,NOT_OUT1,L1_Top,10,17.36,6.1,18.46,5.0,,,,
ARC,ccb0ca0367ac2ec4,BENCH_PRESENT,L1_Top,10,26.51,10.2701,27.0785,11.6426,,,,
ARC,05f512daf22b25ad,BENCH_PRESENT,L1_Top,10,28.5419,13.1061,30.338,13.85,,,,
ARC,3afb491ddd28ffb1,BENCH_PRESENT,L1_Top,10,36.7479,13.85,38.5439,14.5939,,,,
ARC,b5297af39975da02,BENCH_PRESENT,L1_Top,10,18.9452,30.6772,18.9543,30.6553,,,,
ARC,a1959fe87c9b6c9c,BENCH_PRESENT,L1_Top,10,19.0187,30.6037,19.0045,30.605,,,,
ARC,1496ebc47bb1d8ae,BENCH_PRESENT,L1_Top,10,26.51,10.2701,25.9415,11.6426,,,,
ARC,a1f969a2cdfe8929,BENCH_PRESENT,L1_Top,10,24.0165,13.5676,23.44,14.9594,,,,
ARC,7ab8576ef49acc4c,BENCH_PRESENT,L1_Top,10,23.44,23.3952,22.1152,24.72,,,,
ARC,1b4d5464de64857b,BENCH_PRESENT,L1_Top,10,20.6852,24.72,18.9452,26.46,,,,
ARC,69097d10ad91df12,TUSB_OUT2,L6_Bottom,10,17.1498,16.1999,17.6232,15.0569,,,,
ARC,44a46bb5f20e776f,USB_EFUSE_PG,L6_Bottom,10,15.19,20.79,17.23,18.75,,,,
ARC,9692bef3f7d481ee,USB_EFUSE_PG,L1_Top,10,15.19,20.79,15.77,21.37,,,,
ARC,8839cfa542e3831e,USB_EFUSE_PG,L1_Top,10,15.77,21.78,16.375,22.385,,,,
ARC,9a115a309fd9ed5f,PDMCLK,L6_Bottom,10,138.52,17.6048,141.06,20.1448,,,,
ARC,cba043ad1a4d6cdc,PDM_SELECT,L6_Bottom,10,130.7865,17.6048,130.7974,17.5939,,,,
ARC,ff0e19816b3ab380,PDMDIN,L6_Bottom,10,131.4865,19.3048,132.4496,18.3418,,,,
ARC,b20feee407cb432a,+5V_LED,L6_Bottom,10,113.2651,33.9279,113.26,33.9228,,,,
ARC,90a43935e0f8b764,+5V_LED,L6_Bottom,10,113.26,34.3861,113.2651,34.381,,,,
ARC,178067f4e2a37c1a,N_PGTH,L6_Bottom,10,113.1772,32.09,112.8711,32.8289,,,,
ARC,6c99560939ac99e9,+5V_LED_N,L6_Bottom,10,114.0428,32.09,113.7649,32.7609,,,,
ARC,5cfbd873d2fedd36,N_PGTH,L6_Bottom,10,113.1772,32.09,113.1972,32.0417,,,,
ARC,d05eede52dc9ba46,BTN3,L1_Top,10,152.9328,31.2,153.4325,32.4064,,,,
ARC,7c2994df76366968,BTN2,L1_Top,10,152.9928,20.34,153.3925,21.305,,,,
ARC,1250ecabaa5d3985,BTN5,L1_Top,10,164.3228,20.32,164.6925,21.2126,,,,
ARC,8bfdefb35246b869,BTN1,L1_Top,10,153.0228,9.37,153.3925,10.2626,,,,
ARC,ecdd291dbb1dc198,BTN6,L1_Top,10,164.3428,9.39,164.6925,10.2343,,,,
ARC,a5d803f552ca2ffe,CC2,L1_Top,10,15.3,15.73,15.4693,15.8001,,,,
ARC,bd1ab4c201d1dc57,CC1,L1_Top,10,15.3,16.26,15.4452,16.1999,,,,
ARC,29498d5c90cfe229,S3_EN,L1_Top,10,78.3642,10.0351,78.4,10.0499,,,,
ARC,d282ef04bb7f2b21,S3_EN,L1_Top,10,79.6782,10.0499,79.72,10.0672,,,,
ARC,f64d773b37b6cf2e,+3V3,L1_Top,10,77.8328,8.7651,78.4,8.5301,,,,
ARC,3af95ab7cf1170be,AUX_RING_SW,L1_Top,10,133.6962,7.3166,135.1651,6.7082,,,,
ARC,e849721fc1b2f642,AUX_TIP_SW,L1_Top,10,133.4914,11.9014,135.1651,11.2081,,,,
ARC,6088e8833ef71afb,AUX_R_P,L1_Top,10,143.14,13.5456,142.2752,13.9038,,,,
ARC,c81536994e65a6b7,AUX_R_P,L1_Top,10,139.9985,17.2311,140.693,15.4859,,,,
ARC,7cd518d738c6e6c2,AUX_RING,L1_Top,10,143.14,10.9854,142.3961,9.1894,,,,
ARC,3520ee2e4161f32c,AUX_RING,L1_Top,10,143.1708,12.6672,143.14,12.6799,,,,
ARC,130dc97f5adae0d0,+5V_BENCH_IN,L1_Top,10,21.3528,32.0807,21.1035,32.33,,,,
ARC,fb5806983f12e3d2,+5V_BENCH_IN,L1_Top,10,16.05,33.77,17.49,32.33,,,,
ARC,c52cb5a88cd12d68,BENCH_PRESENT,L1_Top,10,43.9909,20.0409,44.56,21.4148,,,,
ARC,116d462913fd7a9a,USB_EFUSE_PG,L6_Bottom,10,45.81,23.22,44.89,22.3,,,,
ARC,53e1e81c30dc3aac,USB_EFUSE_PG,L6_Bottom,10,37.2862,21.1518,37.2074,20.6474,,,,
ARC,fac3dc424cb51812,USB_EFUSE_PG,L6_Bottom,10,37.2074,20.6474,34.75,18.75,,,,
ARC,b7373d6eceacf386,USB_EFUSE_PG,L6_Bottom,10,38.86,22.3,37.2862,21.1518,,,,
ARC,6ea03996c29da72c,USB_EFUSE_PG,L6_Bottom,10,37.2862,21.1518,37.2074,20.6474,,,,
ARC,e5a1071de0d63564,S_ILM,L1_Top,10,44.56,24.73,44.54,24.75,,,,
ARC,949e2c0598afc2ed,S_ILM,L6_Bottom,10,109.58,7.3472,109.8629,7.23,,,,
ARC,f4d3c7b3bb442b42,S_ILM,L6_Bottom,10,109.58,7.3472,109.1522,7.17,,,,
ARC,5731e4d1c8245b6b,N_PG,L1_Top,10,44.0825,22.8231,43.605,23.3006,,,,
ARC,f826bd141121f707,N_PG,L6_Bottom,10,43.605,33.12,46.145,35.66,,,,
ARC,6a80e7b075c4402c,S_PG,L1_Top,10,43.8329,22.3229,42.45,20.94,,,,
ARC,d1c84e7606bd4011,S_OVLO,L1_Top,10,113.595,7.245,113.77,7.11,,,,
ARC,2603ef849b22c34f,S_PG,L1_Top,10,110.98,4.94,110.95,4.97,,,,
ARC,2b59ee67fc4113d3,S_PG,L1_Top,10,113.935,7.695,114.56,7.07,,,,
ARC,3b70a8759f34cfe7,S_PG,L1_Top,10,114.56,5.72,113.78,4.94,,,,
ARC,7722f5d8cf778d70,S_PG,L6_Bottom,10,114.1278,8.0479,114.8572,8.35,,,,
ARC,39648c1b0b50de27,S_OVLO,L6_Bottom,10,114.7948,7.11,114.8672,7.14,,,,
ARC,03f1fe04738530c8,S_OVLO,L6_Bottom,10,114.8672,6.0697,114.7472,5.78,,,,
ARC,41cc5c08b3b36dde,+5V_LED,L6_Bottom,10,112.3849,5.4849,113.0598,4.81,,,,
ARC,97312920e8164d3a,S_PG,L6_Bottom,10,110.95,4.97,110.17,5.75,,,,
ARC,9f03638d62f06050,S_PG,L6_Bottom,10,56.8961,6.4939,58.6921,5.75,,,,
ARC,c012e16825a369bd,S_PGTH,L6_Bottom,10,112.95,8.2463,114.13,9.4263,,,,
ARC,098a896f9126e42a,+5V_LED_S,L6_Bottom,10,111.8851,8.65,112.4179,9.1828,,,,
ARC,4b13d458fc840cbe,N_PG,L6_Bottom,10,106.367,33.773,105.39,34.75,,,,
ARC,fa0e630a652f5d18,N_PG,L6_Bottom,10,105.39,34.75,104.48,35.66,,,,
ARC,a0259f3fd569d88e,DCDC_PSWITCH,L6_Bottom,10,102.8401,23.62,102.99,23.7699,,,,
ARC,47fd0c33e46699b0,N_OVLO,L6_Bottom,10,112.1782,34.249,111.38,35.0472,,,,
ARC,61dc76c6cb9bf131,N_OVLO,L6_Bottom,10,111.38,35.0472,111.37,35.0372,,,,
ARC,c698d59e9d8dd7f4,N_MID,L6_Bottom,10,110.16,37.1128,110.1972,37.15,,,,
ARC,8ac7df0ec666dc74,+5V_LED,L6_Bottom,10,113.26,36.0514,112.1614,37.15,,,,
ARC,0e3506327d257321,LED_N_EN,L1_Top,10,109.26,32.54,111.8,35.08,,,,
ARC,03539fdc3a1f1d93,LED_N_EN,L1_Top,10,119.08,36.1801,118.5999,35.7,,,,
ARC,ec2d0de37ad2fa69,LED_N_EN,L1_Top,10,113.38,35.7,112.76,35.08,,,,
ARC,cee5a2b7a5332a82,DCDC_LP,L1_Top,10,100.3901,25.2199,99.7099,25.9,,,,
ARC,ae7d421dc15e2e29,DCDC_LP,L1_Top,10,93.7301,25.9,93.06,25.2299,,,,
ARC,af052650b3e90144,+5V_LED_N,L1_Top,10,120.6601,34.2,120.5801,34.0069,,,,
ARC,08ea3c681e4af6e6,+5V_LED_N,L1_Top,10,118.6601,28.7966,118.67,28.7728,,,,
ARC,8f1a9d608bac7b9d,N_DATA_A_T,L1_Top,10,122.6601,30.7325,122.5928,30.57,,,,
ARC,e236c851330dab15,N_DATA_B_T,L1_Top,10,123.6601,28.4066,123.67,28.3828,,,,
ARC,e5f2d9e079ad7f4b,+5V_LED_N,L1_Top,10,125.6601,28.5181,125.68,28.4701,,,,
ARC,b30d8e6faa1c9d7a,+5V_LED_N,L1_Top,10,125.68,29.5479,126.424,31.344,,,,
ARC,097aa5131d7ef81d,+5V_LED_N,L1_Top,10,127.22,32.14,127.6601,33.2025,,,,
ARC,7c410067a945ad7c,N_OE,L6_Bottom,10,120.03,28.0565,120.48,26.9699,,,,
ARC,df5b435d92f29732,USB2422_CRFILT,L1_Top,10,81.9899,19.1172,82.2,18.61,,,,
ARC,0b3e81a7df44c9bf,USB2422_NON_REM1,L1_Top,10,84.8028,21.2701,85.11,21.1428,,,,
ARC,d8cfcbbbb0f33c75,USB2422_RESET_N,L1_Top,10,86.1628,22.2701,86.38,22.1801,,,,
ARC,bd9b3785d8f92f22,USB2422_VBUS_DET,L1_Top,10,86.34,23.6687,86.15,23.21,,,,
ARC,4cce26fc7b21a070,USB2422_VBUS_DET,L1_Top,10,86.15,23.21,85.3302,22.7897,,,,
ARC,0d0300231d2ac714,USB2422_VBUS_DET,L1_Top,10,85.3302,22.7897,85.0876,22.7699,,,,
ARC,cc210f6f9fccce83,USB2422_NON_REM0,L1_Top,10,85.12,23.9772,84.9311,23.5211,,,,
ARC,05a456f57cd90d08,USB2422_NON_REM0,L1_Top,10,84.3775,23.2701,84.894,23.484,,,,
ARC,3e414aab3a0c7fb1,USB2422_VBUS_DET,L1_Top,10,87.0047,23.7472,87.56,23.5172,,,,
ARC,c610a27bbdff148a,USB2422_RESET_N,L1_Top,10,87.3593,22.1397,87.56,22.2228,,,,
ARC,5b7a08f6ccb61657,GND,L6_Bottom,10,102.7901,19.62,102.7923,19.6146,,,,
ARC,e034a7b7ef8f2f22,USB_DN2_DM,L6_Bottom,10,77.1045,22.29,76.03,22.7351,,,,
ARC,40f3b3911ee40346,USB_DN2_DP,L1_Top,10,77.98,22.53,78.7401,21.7699,,,,
ARC,ba2d8dad7f17b21e,USB_DN2_DP,L1_Top,10,76.9849,24.0051,77.98,23.01,,,,
ARC,27be75cf48e75072,USB2422_RBIAS,L6_Bottom,10,80.0172,24.52,79.95,24.5872,,,,
ARC,8004e0a70f482e23,USB2422_PLLFILT,L6_Bottom,10,81.2601,24.52,81.29,24.5499,,,,
ARC,bbb94d763df86c15,+3V3,L1_Top,10,83.56,20.52,83.57,20.51,,,,
ARC,ce4750e86b4e0e35,XTALI_24M,L1_Top,10,92.5743,14.8842,92.88,15.1899,,,,
ARC,7eeb5ff5c87ccc69,XTALO_24M,L1_Top,10,91.6157,17.8258,91.18,17.3901,,,,
VIA,9abe728ec6f07b7e,USB_EFUSE_UVLO,,,16.81,23.55,,,0.2,0.35,False,True
VIA,be513af428dd4da7,USB_EFUSE_PG,,,16.75,22.375,,,0.2,0.35,False,True
VIA,bcb26419c1a0e2c3,USB_EFUSE_ILM,,,18.43,22.851,,,0.2,0.35,False,True
VIA,942816811c15baf3,USB_EFUSE_DVDT,,,18.2959,21.52,,,0.2,0.35,False,True
VIA,d6472be4c9a2b586,USB_EFUSE_ITMR,,,18.3,23.7,,,0.2,0.35,False,True
VIA,e0b98a4e083efbce,USB_EFUSE_PGTH,,,16.82,21.51,,,0.2,0.35,False,True
VIA,593a90b6c51b4c57,+5V_SYS,,,17.8149,22.85,,,0.2,0.35,False,True
VIA,da183f7f9994e1f8,+5V_SYS,,,17.8149,22.3226,,,0.2,0.35,False,True
VIA,86994cdc5adcf2a8,GND,,,18.6409,20.888,,,0.2,0.35,False,False
VIA,6feca2fbf26201cb,+5V_SYS,,,17.8149,21.8226,,,0.2,0.35,False,True
VIA,1da426405d560e84,CC2,,,15.3,15.73,,,0.2,0.35,False,False
VIA,0c7d7c8c9a9d6161,CC1,,,12.1591,20.7499,,,0.2,0.35,False,False
VIA,03ab35200c075769,CC1,,,15.3,16.26,,,0.2,0.35,False,False
VIA,88e9953ff127aa03,+5V_BENCH_IN,,,21.3528,31.67,,,0.2,0.35,False,True
VIA,6952a1e3b1a93659,BENCH_UVLO,,,20.5484,31.5726,,,0.2,0.35,False,True
VIA,4a74dc4743f68e94,+5V_SYS,,,21.8489,29.97,,,0.2,0.35,False,True
VIA,83618850e29ddcf8,BENCH_PGTH,,,20.79,30.0524,,,0.2,0.35,False,True
VIA,4f44d310fa29004b,BENCH_DVDT,,,22.7,30.0824,,,0.2,0.35,False,True
VIA,63a4810d8be6c1be,BENCH_ILM,,,22.69,31.05,,,0.2,0.35,False,True
VIA,bfaa3582fcc03451,BENCH_ITMR,,,22.7699,32.33,,,0.2,0.35,False,True
VIA,34b95361ec089e29,+5V_BENCH_IN,,,21.3539,30.98,,,0.2,0.35,False,True
VIA,625288eecd2795f9,TPS62913_NRSS,,,33.95,22.3998,,,0.2,0.35,False,True
VIA,6b5eb8e9888d5a65,TPS62913_FB,,,33.4502,22.3998,,,0.2,0.35,False,True
VIA,dca17ef78c722c47,USB2422_RBIAS,,,80.4901,24.52,,,0.2,0.35,False,True
VIA,5743d3045f889e66,BENCH_PRESENT,,,44.56,21.8228,,,0.2,0.35,False,True
VIA,0453539853f04291,SVC_SDA,,,46.31,24.073,,,0.2,0.35,False,True
VIA,4e1dbfc5c8559d94,SVC_SCL,,,46.81,24.073,,,0.2,0.35,False,True
VIA,def4e62146661ce4,TUSB_OUT2,,,22.41,10.2701,,,0.2,0.35,False,True
VIA,e351fbdc30e6b3e6,TUSB_OUT2,,,17.1498,16.1999,,,0.2,0.35,False,True
VIA,16bc39abca017728,N_ILM,,,45.31,24.31,,,0.2,0.35,False,False
VIA,000eca9d4c4fa387,USB_EFUSE_PG,,,45.81,23.8727,,,0.2,0.35,False,False
VIA,5546460d37d115db,USB_EFUSE_PG,,,15.19,20.79,,,0.2,0.35,False,False
VIA,5aba61f2cf293d13,PDMCLK,,,141.06,22.7028,,,0.2,0.35,False,True
VIA,230e304ea9359127,PDMDIN,,,138.2985,18.3418,,,0.2,0.35,False,True
VIA,875dc88ffb815678,N_OVLO,,,112.44,34.249,,,0.2,0.35,False,True
VIA,32f46bf24773cbe5,+5V_LED,,,113.26,33.9228,,,0.2,0.35,False,True
VIA,d9ad82ba34236878,+5V_LED,,,113.2651,34.381,,,0.2,0.35,False,True
VIA,d3b2fbb652b15030,+5V_LED,,,113.26,34.79,,,0.2,0.35,False,True
VIA,f038317de86c56e8,N_PGTH,,,112.8,32.9,,,0.2,0.35,False,False
VIA,34b3b22038e31c2e,+5V_LED_N,,,113.7649,33.5776,,,0.2,0.35,False,True
VIA,b47441807382b63e,+5V_LED_N,,,113.7649,34.0,,,0.2,0.35,False,True
VIA,e946e325763efab4,+5V_LED_N,,,113.7649,34.4801,,,0.2,0.35,False,True
VIA,ace1a75ed4608b1b,N_ILM,,,114.5925,34.23,,,0.2,0.35,False,True
VIA,3b742a50b6d1b845,N_ITMR,,,114.2459,35.06,,,0.2,0.35,False,True
VIA,15ed7227b07b9354,LED_N_EN,,,112.76,35.08,,,0.2,0.35,False,True
VIA,e487c2b03ee43c6d,N_DVDT,,,114.58,33.25,,,0.2,0.35,False,True
VIA,80557f7fb5eb6a4f,ADS_DECAP,,,46.8099,21.073,,,0.2032,0.3556,False,True
VIA,1ab07e46625ee740,VDD_SOC,,,103.59,18.8201,,,0.2,0.35,False,True
VIA,77114f2a4376f2db,VDD_SOC,,,102.7901,18.8201,,,0.2,0.35,False,True
VIA,ee80ca242ded1766,VDD_SOC,,,105.1899,18.8201,,,0.2,0.35,False,True
VIA,dc44aa80caba4192,VDD_SOC,,,105.1899,19.62,,,0.2,0.35,False,True
VIA,b3af0cae140890ed,+3V3,,,105.99,18.8201,,,0.2,0.35,False,True
VIA,5c941332ea1843bf,VDD_SOC,,,104.3901,18.8201,,,0.2,0.35,False,True
VIA,5df08e9e98e546e3,VDD_USB_CAP,,,101.99,19.62,,,0.2,0.35,False,True
VIA,ac2d7f248b42c461,GND,,,102.7901,19.62,,,0.2,0.35,False,True
VIA,e57d6de4aa70eec2,GND,,,103.59,19.62,,,0.2,0.35,False,True
VIA,96848e03aa2b57d9,GND,,,104.3901,19.62,,,0.2,0.35,False,True
VIA,e28cc2a557b37ba2,VDD_SOC,,,105.1899,20.4201,,,0.2,0.35,False,True
VIA,dd13204f84e9fc96,GND,,,104.3901,20.4201,,,0.2,0.35,False,True
VIA,28e0c27b7b7340b1,VDD_SOC,,,103.59,21.2199,,,0.2,0.35,False,True
VIA,631b1314b2e292e2,+3V3,,,102.7901,21.2199,,,0.2,0.35,False,True
VIA,b1c8cd9eb2b8ddbd,GND,,,102.7901,20.4201,,,0.2,0.35,False,True
VIA,da4d4d09f4a4ec47,GND,,,103.59,20.4201,,,0.2,0.35,False,True
VIA,cf989940cd11cbba,VDD_SOC,,,104.39,21.2199,,,0.2,0.35,False,True
VIA,ad2853ff8cd929bb,VDD_SOC,,,105.1899,21.2199,,,0.2,0.35,False,True
VIA,b93c7c6f1c6d5d5d,+3V3,,,105.99,21.2199,,,0.2,0.35,False,True
VIA,bd7089619428c52f,VDD_SOC,,,102.7901,22.02,,,0.2,0.35,False,True
VIA,cced3ddd22be9790,+3V3,,,101.1899,24.42,,,0.2,0.35,False,True
VIA,f5c5e13467df2964,GND,,,101.99,24.42,,,0.2,0.35,False,True
VIA,d2bce60ea44834b2,USB_OTG1_VBUS,,,99.59,21.2199,,,0.2,0.35,False,True
VIA,e42e7ff48e838e1d,GND,,,99.59,22.02,,,0.2,0.35,False,True
VIA,b1428fac595aad77,FLEXSPI_A_DATA3,,,98.7901,22.02,,,0.2,0.35,False,True
VIA,6fbaf7986c6b870c,RT_POR_B,,,100.3901,20.4201,,,0.2,0.35,False,True
VIA,866a3e6a8914ca9c,VDD_HIGH_CAP,,,98.7901,19.62,,,0.2,0.35,False,True
VIA,75b15c8b5fa5f7d5,AUDIO_ADC_SDA,,,101.99,17.2199,,,0.2,0.35,False,True
VIA,d1711c31bbd96588,AUDIO_ADC_SCL,,,102.7901,17.2199,,,0.2,0.35,False,True
VIA,b4f04e94d74fe3c4,+3V3,,,99.59,14.8201,,,0.2,0.35,False,True
VIA,4bd250af9293e1fe,GND,,,98.7901,14.8201,,,0.2,0.35,False,True
VIA,a8f57a3002199b84,FW_PERMIT_N,,,107.59,19.6184,,,0.2,0.35,False,True
VIA,b2f31336068c07f5,FW_PERMIT_S,,,108.39,19.62,,,0.2,0.35,False,True
VIA,c88af4cb73c2584d,+3V3,,,101.99,22.02,,,0.2,0.35,False,True
VIA,4c89591248b0347d,GND,,,101.99,21.2199,,,0.2,0.35,False,True
VIA,5c3da8f0d4294cf7,GND,,,101.99,18.8201,,,0.2,0.35,False,True
VIA,69f4a1330c8594d9,AUX_RING_SW,,,109.1899,15.62,,,0.2,0.35,False,True
VIA,04041304aa39ef4a,LED_S_A,,,108.39,14.8201,,,0.2,0.35,False,True
VIA,4f99f834a9b4e93a,LED_S_B,,,107.5899,14.8201,,,0.2,0.35,False,True
VIA,9ab89e87be1b2e17,SWDIO,,,105.99,14.8201,,,0.2,0.35,False,True
VIA,a28ad904639495f5,AUX_TIP_SW,,,105.1899,14.8201,,,0.2,0.35,False,True
VIA,0029817aa76f3082,BOOT_MODE1,,,104.3901,14.8201,,,0.2,0.35,False,True
VIA,5f949ee380cefc66,LPUART1_TX,,,101.99,14.8201,,,0.2,0.35,False,True
VIA,74bd71e0ae23f84c,SAI1_TX_SYNC,,,102.7901,14.8201,,,0.2,0.35,False,True
VIA,fdbe7d158457f899,LPUART1_RX,,,101.1899,14.8201,,,0.2,0.35,False,True
VIA,8c310850d50e226d,SAI1_RX_SYNC,,,101.1899,15.62,,,0.2,0.35,False,True
VIA,11a514ecac50dfad,XTALI_24M,,,98.7901,17.2199,,,0.2,0.35,False,True
VIA,4c65260f050fcaf2,+5V_BENCH_IN,,,16.07,33.72,,,0.2,0.35,False,False
VIA,a45e18dd9a58bf9d,GND,,,13.51,33.77,,,0.2,0.35,False,False
VIA,9cdcf0e5ce8b61fe,GND,,,21.425,35.65,,,0.2,0.35,False,True
VIA,6b77cdb530ad6c71,GND,,,19.425,33.46,,,0.2,0.35,False,True
VIA,587eab3e8cc64c79,GND,,,25.97,33.46,,,0.2,0.35,False,True
VIA,c1d8cc3526c5e051,GND,,,18.9452,31.5428,,,0.2,0.35,False,True
VIA,64d59557a06f9bc7,GND,,,20.25,22.6,,,0.2,0.35,False,True
VIA,5e86337275997b38,GND,,,14.32,21.64,,,0.2,0.35,False,True
VIA,5bd71ba1717ee450,GND,,,29.06,22.35,,,0.2,0.35,False,True
VIA,331c69c5852eee96,GND,,,33.95,19.05,,,0.2,0.35,False,True
VIA,3f193f7b7c9ca3b1,GND,,,33.96,16.83,,,0.2,0.35,False,True
VIA,5003fdf636fbda6e,GND,,,38.22,19.63,,,0.2,0.35,False,True
VIA,bd74280835ae59b9,GND,,,30.9072,24.72,,,0.2,0.35,False,True
VIA,883316acd6fd2d5d,GND,,,34.4501,33.9,,,0.2,0.35,False,True
VIA,40f841db9a63c396,GND,,,39.05,33.56,,,0.2,0.35,False,True
VIA,24370320119a246e,GND,,,17.36,10.2701,,,0.2,0.35,False,True
VIA,9c759fc4fcc1301f,GND,,,21.46,10.2701,,,0.2,0.35,False,True
VIA,d0ec25363dd65712,GND,,,25.56,10.2701,,,0.2,0.35,False,True
VIA,d2a3536e0b57893a,GND,,,23.49,5.9901,,,0.2,0.35,False,True
VIA,cc874eab73e2eda4,GND,,,19.38,5.9901,,,0.2,0.35,False,True
VIA,30df6a96e3366430,GND,,,20.6801,1.44,,,0.2,0.35,False,True
VIA,6c640cd2d27bff50,GND,,,11.8601,17.2501,,,0.2,0.35,False,True
VIA,bd3d27dced060302,GND,,,11.8601,22.7499,,,0.2,0.35,False,True
VIA,91b2040be980dae3,GND,,,16.0799,20.35,,,0.2,0.35,False,True
VIA,945a86cd28ee1848,GND,,,19.47,22.63,,,0.2,0.35,False,True
VIA,e115144fb32760ee,ADS_ALERT,,,47.7386,23.32,,,0.2,0.35,False,True
VIA,f416790d4ec7d4bd,+3V3,,,47.74,22.32,,,0.2,0.35,False,True
VIA,16234ce75f568577,N_PG,,,43.605,23.85,,,0.2,0.35,False,False
VIA,269f65e13088896a,MIC_PRESENT,,,45.8099,21.073,,,0.2,0.35,False,True
VIA,b2f86d3fc6014e7e,3V3_PG,,,45.3101,20.9039,,,0.2,0.35,False,True
VIA,993cd3fd433df567,S_ILM,,,44.54,24.75,,,0.2,0.35,False,False
VIA,b17227f84d58eb0b,S_DVDT,,,111.35,8.2463,,,0.2,0.35,False,True
VIA,616d4e2e7858b8be,S_ILM,,,111.247,7.2037,,,0.2,0.35,False,True
VIA,18b4072a8cfc2056,S_ITMR,,,111.4081,6.41,,,0.2,0.35,False,True
VIA,bdfbdd6cee77d861,LED_S_EN,,,112.95,6.6937,,,0.2,0.35,False,True
VIA,98703709c98486bf,S_OVLO,,,113.77,7.11,,,0.2,0.35,False,False
VIA,ee5e6920b1eea672,S_PG,,,110.95,4.97,,,0.2,0.35,False,False
VIA,832d5e1d216404f9,S_PGTH,,,112.95,8.2463,,,0.2,0.35,False,True
VIA,51f6c32d520327a0,S_PG,,,42.45,20.94,,,0.2,0.35,False,False
VIA,bb496e5fb1c81e0f,S_PG,,,113.775,7.695,,,0.2,0.35,False,False
VIA,fd659834f014eea2,+5V_LED,,,112.3849,7.47,,,0.2,0.35,False,True
VIA,4f422283130b204d,+5V_LED,,,112.3849,6.77,,,0.2,0.35,False,True
VIA,9c5501cab8c65fa1,+5V_LED,,,112.3849,6.77,,,0.2,0.35,False,True
VIA,9d20448e929e84a9,+5V_LED,,,112.3849,8.17,,,0.2,0.35,False,True
VIA,917c46c186011b0a,GND,,,111.35,7.695,,,0.2,0.35,False,True
VIA,2c1393160a91787a,+5V_LED_S,,,111.8851,7.47,,,0.2,0.35,False,True
VIA,23e789d9b5fe3f9a,+5V_LED_S,,,111.8851,8.17,,,0.2,0.35,False,True
VIA,23906927f4677a5d,+5V_LED_S,,,111.8851,6.77,,,0.2,0.35,False,True
VIA,7c93f68197fd873d,GND,,,81.22,27.71,,,0.2,0.35,False,False
VIA,2399486ee4907196,GND,,,82.13,27.71,,,0.2,0.35,False,False
VIA,992811ae9c6c6960,GND,,,81.71,27.05,,,0.2,0.35,False,False
VIA,5a583ac56871ed3d,N_PG,,,112.6,33.773,,,0.2,0.35,False,True
VIA,d69a8ed779c7e703,DCDC_PSWITCH,,,101.99,23.62,,,0.2,0.35,False,True
VIA,7145362a4759d832,+3V3,,,101.99,22.82,,,0.2,0.35,False,True
VIA,818786b9807076f7,LED_N_EN,,,109.26,31.3501,,,0.2,0.35,False,True
VIA,a8fd08691755b98c,LED_N_EN,,,119.08,36.1801,,,0.2,0.35,False,True
VIA,c30aa0b5a92645ff,N_OE,,,120.48,26.9699,,,0.2,0.35,False,True
VIA,63b924a7688ea542,GND,,,122.38,26.9699,,,0.2,0.35,False,True
VIA,308aa1c668b7bd83,GND,,,116.79,26.77,,,0.2,0.35,False,True
VIA,dbafdd2929edf5d2,GND,,,119.7399,30.57,,,0.2,0.35,False,True
VIA,a824b2d8bf9b9682,GND,,,121.6601,34.2,,,0.2,0.35,False,True
VIA,3e0f6ba957cca2bf,GND,,,124.6601,34.2,,,0.2,0.35,False,True
VIA,817671f8173862f5,GND,,,126.6601,34.2,,,0.2,0.35,False,True
VIA,179aa7225b567dbc,GND,,,119.6601,34.7316,,,0.2,0.35,False,True
VIA,45d82657d46a91f5,GND,,,120.03,36.1801,,,0.2,0.35,False,True
VIA,f02a14b41199d2bb,GND,,,84.38,21.77,,,0.2,0.35,False,False
VIA,21399ba9e0ad42a6,GND,,,81.7397,22.5076,,,0.2,0.35,False,True
VIA,3755e77d1c8ad831,GND,,,80.7397,22.5076,,,0.2,0.35,False,True
VIA,12e47723201f39a8,GND,,,82.7397,22.5076,,,0.2,0.35,False,True
VIA,7d90abcc77bbfa01,GND,,,81.7397,21.5076,,,0.2,0.35,False,True
VIA,63abfd8625592960,GND,,,80.7397,21.5076,,,0.2,0.35,False,True
VIA,cc8bb1854ae7336e,GND,,,82.7397,21.5076,,,0.2,0.35,False,True
VIA,9b97001e38f3b42a,GND,,,81.25,22.5076,,,0.2,0.35,False,True
VIA,f4da0e9d1d3fa0f9,GND,,,82.25,22.5076,,,0.2,0.35,False,True
VIA,7b4d9cabc01be97b,GND,,,81.25,21.5076,,,0.2,0.35,False,True
VIA,44ab3d4a4ea533c2,GND,,,82.25,21.5076,,,0.2,0.35,False,True
VIA,c2b4a91fe159a280,GND,,,86.38,21.2994,,,0.2,0.35,False,True
VIA,d2a60ec26b58a9ec,GND,,,86.34,24.6128,,,0.2,0.35,False,True
VIA,185763803eaf2433,GND,,,85.12,24.8428,,,0.2,0.35,False,True
VIA,1fca6660e5e18047,USB_DN1_DM,,,79.74,23.2701,,,0.2,0.35,False,True
VIA,1c561974d7b10b6c,USB_DN1_DP,,,79.9399,22.7699,,,0.2,0.35,False,True
VIA,5b462bfe7bfd54d2,USB_DN2_DM,,,79.54,22.29,,,0.2,0.35,False,True
VIA,facf97d3c53a35c3,USB_DN2_DM,,,76.03,22.7351,,,0.2,0.35,False,True
VIA,7b8837b082b3c821,+3V3,,,80.9899,20.52,,,0.2,0.35,False,True
VIA,954510d7c43b2385,+3V3,,,81.4901,20.52,,,0.2,0.35,False,True
VIA,75060efdb5c31148,USB_UP_DM,,,82.9899,24.52,,,0.2,0.35,False,True
VIA,38fbd6e6af82e8fa,USB_UP_DP,,,82.4901,24.52,,,0.2,0.35,False,True
VIA,53b6e2ede10435af,USB2422_PLLFILT,,,80.9899,24.52,,,0.2,0.35,False,True
VIA,67168f7d6bca7c97,+3V3,,,83.74,23.8951,,,0.2,0.35,False,True
VIA,4dd91351ac705c88,+3V3,,,83.57,20.51,,,0.2,0.35,False,False
VIA,774fc30a54e461a8,GND,,,67.3801,16.6152,,,0.2,0.35,False,True
VIA,7664e96c3bb0db01,GND,,,68.7801,16.6152,,,0.2,0.35,False,True
VIA,8a14fcbf82fddac5,GND,,,70.1802,16.6152,,,0.2,0.35,False,True
VIA,20d925656b660dc1,GND,,,67.3801,15.2152,,,0.2,0.35,False,True
VIA,c938de3401d341be,GND,,,68.7801,15.2151,,,0.2,0.35,False,True
VIA,44743ad04ef09f1a,GND,,,70.1802,15.2151,,,0.2,0.35,False,True
VIA,8a8c125956f82633,GND,,,67.3801,13.8151,,,0.2,0.35,False,True
VIA,655160a159c1ea44,GND,,,68.7801,13.8151,,,0.2,0.35,False,True
VIA,6c46c66586219691,GND,,,70.1802,13.8151,,,0.2,0.35,False,True
VIA,38592ef3f9dd39f9,GND,,,68.08,16.61,,,0.2,0.35,False,False
VIA,6288b35f299a0457,GND,,,69.48,16.64,,,0.2,0.35,False,False
VIA,6a5c03581a7c185f,GND,,,68.08,15.92,,,0.2,0.35,False,False
VIA,3bc1964c7ec94fb4,GND,,,68.08,15.24,,,0.2,0.35,False,False
VIA,0d5fa5e54952b114,GND,,,69.48,15.22,,,0.2,0.35,False,False
VIA,1581d40cf72e6c3a,GND,,,68.08,13.81,,,0.2,0.35,False,False
VIA,5adf7132eba39060,GND,,,69.48,13.81,,,0.2,0.35,False,False
VIA,332d5d596bdf6c92,GND,,,68.77,15.92,,,0.2,0.35,False,False
VIA,e07d014952421659,GND,,,70.18,15.92,,,0.2,0.35,False,False
VIA,377feeb62e233f9a,GND,,,69.48,15.92,,,0.2,0.35,False,False
VIA,28ddd1e11f9bd274,GND,,,67.38,15.92,,,0.2,0.35,False,False
VIA,d7dcba03794880e5,GND,,,67.3801,14.5151,,,0.2,0.35,False,False
VIA,f59377407c774094,GND,,,68.7801,14.5152,,,0.2,0.35,False,False
VIA,18c4fe3fe438987d,GND,,,70.1802,14.5151,,,0.2,0.35,False,False
VIA,26168e355b5c6021,GND,,,69.48,14.51,,,0.2,0.35,False,False
VIA,d16805deccfb4ffc,GND,,,68.08,14.51,,,0.2,0.35,False,False
VIA,f31a890fcae5cba8,GND,,,76.03,7.7444,,,0.2,0.35,False,True
VIA,0b4583e0b8441d1d,GND,,,82.36,8.4575,,,0.2,0.35,False,True
VIA,00115e06cc0547d7,GND,,,58.53,7.4951,,,0.2,0.35,False,True
VIA,52cca90e0c8e43e5,LED_PERMIT,,,58.53,13.8451,,,0.2,0.35,False,True
VIA,7f32eedc2800d81e,INA_ALERT,,,76.03,20.1951,,,0.2,0.35,False,True
VIA,01243eaf9047bd2b,USB_DN2_DP,,,76.03,24.0051,,,0.2,0.35,False,True
VIA,35283c6b2cf741cb,+3V3,,,85.11,20.2472,,,0.2,0.35,False,True
VIA,2ea2d9813463aa36,+3V3,,,87.56,21.3572,,,0.2,0.35,False,True
VIA,b26e5f4e47d38dc3,VBUS_J1,,,87.56,24.3828,,,0.2,0.35,False,True
